date,league,season,home,away,fthg,ftag,market,selection,soft_book,soft_source,soft_odds,fair_odds,fair_close,stake,pnl,clv,won
2017-09-30,bundesliga_1,2017-2018,Augsburg,Dortmund,1.0,2.0,1X2,home,b365,,7.5,7.117877035639358,5.804017532391766,1.0,-1.0,0.2922083639725568,0.0
2018-01-01,league_one_t3,2017-2018,AFC Wimbledon,Southend,2.0,0.0,1X2,home,b365,,2.45,2.3669901890248064,2.593628904928361,1.0,1.4500000000000002,-0.05537758491796574,1.0
2018-02-23,ligue_2_t2,2017-2018,Niort,Nimes,1.0,4.0,1X2,home,b365,,4.5,4.341266135240454,4.711398600000374,1.0,-1.0,-0.04486960623547265,0.0
2018-03-02,bundesliga_2,2017-2018,Kaiserslautern,Union Berlin,4.0,3.0,1X2,home,b365,,3.39,3.2729645723580676,3.1316802146888403,1.0,2.39,0.08248600355155555,1.0
2018-03-18,bundesliga_1,2017-2018,FC Koln,Leverkusen,2.0,0.0,1X2,home,b365,,5.0,4.723220612030245,5.1579891866275185,1.0,4.0,-0.03062999570396885,1.0
2018-04-13,ligue_2_t2,2017-2018,Auxerre,Clermont,1.0,2.0,1X2,home,b365,,3.2,3.0505437244730835,3.062800609097346,1.0,-1.0,0.04479540408054472,0.0
2018-04-14,league_one_t3,2017-2018,Oldham,Gillingham,1.0,1.0,1X2,home,b365,,1.8,1.7380414717935297,1.9792629811606466,1.0,-1.0,-0.09057057241353861,0.0
2018-04-28,ligue_2_t2,2017-2018,Clermont,Nimes,1.0,1.0,1X2,home,b365,,3.29,3.1200974625640168,2.4823000507899358,1.0,-1.0,0.32538368959587793,0.0
2018-04-28,league_one_t3,2017-2018,Blackpool,Shrewsbury,1.0,1.0,1X2,home,b365,,2.14,2.0615998895158407,2.1755161956470457,1.0,-1.0,-0.016325410823467723,0.0
2018-09-01,league_one_t3,2018-2019,Shrewsbury,Bristol Rvs,1.0,1.0,1X2,home,b365,,2.6,2.470844653829054,2.6850609590069654,1.0,-1.0,-0.03167933998728434,0.0
2018-09-01,league_one_t3,2018-2019,Accrington,Scunthorpe,1.0,1.0,1X2,home,b365,,2.37,2.235601911915253,2.722497900272831,1.0,-1.0,-0.12947591263064184,0.0
2018-09-29,league_one_t3,2018-2019,Wycombe,Southend,2.0,3.0,1X2,home,b365,,3.2,3.072729602572195,3.064028460088785,1.0,-1.0,0.04437672224078337,0.0
2019-01-25,ligue_2_t2,2018-2019,Nancy,Auxerre,1.0,0.0,1X2,home,b365,,4.33,4.1442175237612435,4.333239900437349,1.0,3.33,-0.0007476854528691845,1.0
2019-02-09,league_one_t3,2018-2019,Plymouth,Portsmouth,1.0,1.0,1X2,home,b365,,3.8,3.520286799140301,3.418449511779601,1.0,-1.0,0.11161507195166043,0.0
2019-02-15,bundesliga_1,2018-2019,Augsburg,Bayern Munich,2.0,3.0,1X2,home,b365,,15.0,14.187804700953741,15.936899254038911,1.0,-1.0,-0.058788051496370675,0.0
2019-03-15,ligue_2_t2,2018-2019,Beziers,Auxerre,1.0,0.0,1X2,home,b365,,4.75,4.497886502286159,4.551554654935534,1.0,3.75,0.043599464382852116,1.0
2019-03-16,league_one_t3,2018-2019,Bristol Rvs,Charlton,0.0,0.0,1X2,home,b365,,2.9,2.78148130070148,2.956496111331381,1.0,-1.0,-0.019109144475058848,0.0
2019-04-19,league_one_t3,2018-2019,Walsall,Southend,1.0,1.0,1X2,home,b365,,2.3,2.207297663705584,2.1496872746129445,1.0,-1.0,0.06992306609533205,0.0
2019-05-18,bundesliga_1,2018-2019,Hertha,Leverkusen,1.0,5.0,1X2,home,b365,,7.0,6.3062626610339025,6.497562522215293,1.0,-1.0,0.07732707089264079,0.0
2019-08-20,league_one_t3,2019-2020,Southend,Peterboro,0.0,2.0,1X2,home,b365,,3.8,3.4694734036070782,3.5328205679172933,1.0,-1.0,0.07562779567947797,0.0
2019-08-31,bundesliga_1,2019-2020,Union Berlin,Dortmund,3.0,1.0,1X2,home,b365,,10.0,9.53002539713652,8.536196950809062,1.0,9.0,0.17148187391016068,1.0
2019-10-12,league_one_t3,2019-2020,Southend,AFC Wimbledon,1.0,4.0,1X2,home,b365,,2.87,2.7455155228357415,2.8546949042049667,1.0,-1.0,0.005361377067822248,0.0
2019-10-19,league_one_t3,2019-2020,Gillingham,Peterboro,1.0,2.0,1X2,home,b365,,4.0,3.862020956911539,3.5938245126415977,1.0,-1.0,0.1130204009488065,0.0
2019-11-02,league_one_t3,2019-2020,AFC Wimbledon,Lincoln,1.0,1.0,1X2,home,b365,,3.4,3.2048717267613176,3.0991344879387115,1.0,-1.0,0.0970804956132767,0.0
2019-11-03,bundesliga_2,2019-2020,Wehen,Hamburg,1.0,1.0,1X2,home,b365,,5.75,5.225681196983382,6.5177064540236085,1.0,-1.0,-0.11778782297715729,0.0
2019-11-09,bundesliga_2,2019-2020,Osnabruck,Stuttgart,1.0,0.0,1X2,home,b365,,4.5,4.236063517901784,4.535756517304335,1.0,3.5,-0.00788325324957817,1.0
2019-11-30,bundesliga_2,2019-2020,Dresden,Holstein Kiel,1.0,2.0,1X2,home,b365,,3.6,3.446684687663722,3.3975496227435174,1.0,-1.0,0.05958717303237049,0.0
2019-12-26,league_one_t3,2019-2020,Rochdale,Fleetwood Town,2.0,3.0,1X2,home,b365,,5.0,4.764477734095718,4.7684612499972845,1.0,-1.0,0.04855628217652974,0.0
2019-12-29,league_one_t3,2019-2020,Rotherham,Peterboro,4.0,0.0,1X2,home,b365,,2.37,2.287211334527246,2.0964460090050765,1.0,1.37,0.1304846343859558,1.0
2020-01-19,bundesliga_1,2019-2020,Hertha,Bayern Munich,0.0,4.0,1X2,home,b365,,10.0,9.37960304742896,11.744107576117607,1.0,-1.0,-0.14850916213202614,0.0
2020-01-29,league_one_t3,2019-2020,Tranmere,Sunderland,0.0,1.0,1X2,home,b365,,5.5,5.067618982070288,5.5318996336799735,1.0,-1.0,-0.005766488149162807,0.0
2020-02-14,ligue_2_t2,2019-2020,Orleans,Ajaccio,0.0,3.0,1X2,home,b365,,3.6,3.4630288213574576,3.0667957272477175,1.0,-1.0,0.17386364145968214,0.0
2020-02-22,league_one_t3,2019-2020,Southend,Burton,2.0,3.0,1X2,home,b365,,4.6,4.42969584764539,4.465524106321221,1.0,-1.0,0.030114246497610297,0.0
2020-12-12,ligue_2_t2,2020-2021,Chateauroux,Toulouse,0.0,3.0,1X2,home,b365,,3.8,3.643992013390018,4.238443254382261,1.0,-1.0,-0.10344440825742829,0.0
2020-12-22,ligue_2_t2,2020-2021,Chateauroux,Clermont,0.0,1.0,1X2,home,b365,,6.5,6.215449951783906,6.889110163998457,1.0,-1.0,-0.056481919251617385,0.0
2021-01-24,bundesliga_1,2020-2021,Schalke 04,Bayern Munich,0.0,4.0,1X2,home,b365,,16.0,15.10751698028397,16.96321036629844,1.0,-1.0,-0.05678231569963277,0.0
2021-04-10,ligue_2_t2,2020-2021,Pau FC,Clermont,2.0,1.0,1X2,home,b365,,5.5,5.3136759281631,6.40976325286152,1.0,4.5,-0.141933986790444,1.0
2021-05-01,ligue_2_t2,2020-2021,Caen,Auxerre,0.0,0.0,1X2,home,b365,,4.2,4.000776814914136,3.342216089186036,1.0,-1.0,0.25665124214720336,0.0
2021-05-03,ligue_2_t2,2020-2021,Grenoble,Clermont,1.0,2.0,1X2,home,b365,,4.0,3.5665688837254588,5.215040165032551,1.0,-1.0,-0.2329876907141648,0.0
2021-12-04,bundesliga_2,2021-2022,Hansa Rostock,Ingolstadt,1.0,1.0,1X2,home,b365,,1.83,1.5109965843755513,1.626974046629826,1.0,-1.0,0.12478745668422286,0.0
2022-03-12,bundesliga_2,2021-2022,Paderborn,Fortuna Dusseldorf,1.0,1.0,1X2,home,b365,,2.1,1.9456562796675587,2.130364041417201,1.0,-1.0,-0.014252982507628853,0.0
2022-05-14,ligue_2_t2,2021-2022,Auxerre,Amiens,2.0,1.0,1X2,home,b365,,1.44,1.3897345804515253,1.3809654303081575,1.0,0.43999999999999995,0.04274876720025422,1.0
2023-03-04,bundesliga_1,2022-2023,Stuttgart,Bayern Munich,1.0,2.0,1X2,home,b365,,7.0,6.707520504049677,7.111627028357364,1.0,-1.0,-0.01569641207451611,0.0
2023-03-19,bundesliga_1,2022-2023,Leverkusen,Bayern Munich,2.0,1.0,1X2,home,b365,,5.25,4.982134159290888,4.61196455710767,1.0,4.25,0.13834352692694263,1.0
2023-04-10,league_one_t3,2022-2023,Cheltenham,Ipswich,1.0,1.0,1X2,home,b365,,7.5,7.188477810252589,10.288464491171545,1.0,-1.0,-0.271028246592512,0.0
2023-04-22,ligue_2_t2,2022-2023,Niort,Caen,1.0,2.0,1X2,home,b365,,5.25,4.968131658012412,4.061731651908526,1.0,-1.0,0.29255215507236443,0.0
2017-08-05,league_one_t3,2017-2018,Oldham,Oxford,0.0,2.0,1X2,draw,b365,,3.4,3.241566666215972,3.339994509623995,1.0,-1.0,0.01796574521398253,0.0
2017-08-12,league_one_t3,2017-2018,Blackpool,Milton Keynes Dons,1.0,0.0,1X2,draw,b365,,3.6,3.455534480134581,3.401728331737819,1.0,-1.0,0.058285568077945715,0.0
2017-09-09,league_one_t3,2017-2018,Rochdale,Blackburn,0.0,3.0,1X2,draw,b365,,3.5,3.378731372258472,3.3198518412230222,1.0,-1.0,0.05426391519647211,0.0
2017-11-11,league_one_t3,2017-2018,Milton Keynes Dons,Fleetwood Town,1.0,0.0,1X2,draw,b365,,3.6,3.467969418950104,3.4351284038755656,1.0,-1.0,0.04799575932545164,0.0
2018-02-24,league_one_t3,2017-2018,Charlton,Shrewsbury,0.0,2.0,1X2,draw,b365,,3.39,3.2742456158552495,3.3070059767386435,1.0,-1.0,0.025096423727424044,0.0
2018-02-24,bundesliga_2,2017-2018,Union Berlin,Sandhausen,2.0,1.0,1X2,draw,b365,,3.75,3.6059518633118732,3.9318295145809214,1.0,-1.0,-0.046245523593182014,0.0
2018-04-21,league_one_t3,2017-2018,Portsmouth,Charlton,0.0,1.0,1X2,draw,b365,,3.6,3.4584905850009053,3.3784642364560185,1.0,-1.0,0.06557291953943278,0.0
2018-04-21,league_one_t3,2017-2018,Scunthorpe,Walsall,1.0,0.0,1X2,draw,b365,,4.2,3.9792372195356016,4.357294624319044,1.0,-1.0,-0.03609914818271576,0.0
2018-05-11,ligue_2_t2,2017-2018,Nancy,Orleans,3.0,0.0,1X2,draw,b365,,3.6,3.454075790589329,3.3727596618663145,1.0,-1.0,0.0673751944744092,0.0
2018-08-03,ligue_2_t2,2018-2019,Metz,Orleans,5.0,1.0,1X2,draw,b365,,3.8,3.6450475355037395,3.6226552767374938,1.0,-1.0,0.04895434694029732,0.0
2018-08-18,league_one_t3,2018-2019,Shrewsbury,Blackpool,0.0,0.0,1X2,draw,b365,,3.4,3.2231507176588976,3.215901611887373,1.0,2.4,0.057246275020392146,1.0
2018-08-18,league_one_t3,2018-2019,Accrington,Charlton,1.0,1.0,1X2,draw,b365,,3.5,3.3269795373299598,3.556427437141049,1.0,2.5,-0.01586632600787996,1.0
2018-08-18,league_one_t3,2018-2019,Burton,Doncaster,1.0,0.0,1X2,draw,b365,,3.6,3.314843134139541,3.3958793043191857,1.0,-1.0,0.06010834820342259,0.0
2018-09-02,bundesliga_2,2018-2019,Heidenheim,Darmstadt,0.0,1.0,1X2,draw,b365,,3.5,3.360927920032113,3.4808225261577164,1.0,-1.0,0.005509466138583274,0.0
2018-09-21,ligue_2_t2,2018-2019,Ajaccio GFCO,Nancy,0.0,1.0,1X2,draw,b365,,3.2,3.0709357008180427,3.192807447248914,1.0,-1.0,0.002252736148333545,0.0
2018-10-02,league_one_t3,2018-2019,Walsall,Shrewsbury,0.0,0.0,1X2,draw,b365,,3.3,3.1820527761657167,3.1695739046697313,1.0,2.3,0.04114940974814063,1.0
2018-11-24,league_one_t3,2018-2019,AFC Wimbledon,Southend,2.0,1.0,1X2,draw,b365,,3.5,3.261958640159375,3.2847997866069303,1.0,-1.0,0.06551395134354987,0.0
2018-12-02,bundesliga_1,2018-2019,Ein Frankfurt,Wolfsburg,1.0,2.0,1X2,draw,b365,,4.0,3.830914321460734,3.7381010425127164,1.0,-1.0,0.07006203270290356,0.0
2018-12-22,league_one_t3,2018-2019,Luton,Burton,2.0,0.0,1X2,draw,b365,,4.1,3.9053854878596868,4.429466300202553,1.0,-1.0,-0.07438058625425992,0.0
2019-01-12,ligue_2_t2,2018-2019,Grenoble,Le Havre,0.0,0.0,1X2,draw,b365,,3.2,2.9454825518843553,3.0881359131728368,1.0,2.2,0.03622382238747757,1.0
2019-01-26,league_one_t3,2018-2019,Barnsley,Rochdale,2.0,1.0,1X2,draw,b365,,5.5,5.11362199858742,5.688981984291744,1.0,-1.0,-0.03321894581729312,0.0
2019-02-08,ligue_2_t2,2018-2019,Troyes,Paris FC,0.0,1.0,1X2,draw,b365,,2.87,2.7333646173526747,2.7377376940608937,1.0,-1.0,0.04831080283039135,0.0
2019-02-10,bundesliga_2,2018-2019,Darmstadt,Heidenheim,1.0,2.0,1X2,draw,b365,,3.5,3.3808692858415945,3.4266807882031314,1.0,-1.0,0.021396568962385176,0.0
2019-02-15,ligue_2_t2,2018-2019,Paris FC,Ajaccio,1.0,1.0,1X2,draw,b365,,3.1,2.9668394028852156,2.9792521244721546,1.0,2.1,0.04052959282499091,1.0
2019-02-16,league_one_t3,2018-2019,Shrewsbury,Burton,1.0,1.0,1X2,draw,b365,,3.25,3.1136610857812475,3.359758971322715,1.0,2.25,-0.0326687039932223,1.0
2019-02-22,ligue_2_t2,2018-2019,Metz,Paris FC,2.0,0.0,1X2,draw,b365,,3.1,2.943841901490188,2.93241306821568,1.0,-1.0,0.057149837995468245,0.0
2019-03-16,bundesliga_1,2018-2019,Augsburg,Hannover,3.0,1.0,1X2,draw,b365,,4.33,4.096326728745932,4.382111892904216,1.0,-1.0,-0.011891958529995361,0.0
2019-04-13,bundesliga_2,2018-2019,Sandhausen,Dresden,3.0,1.0,1X2,draw,b365,,3.4,3.20925941767523,3.3103908534955955,1.0,-1.0,0.027069053314288327,0.0
2019-04-26,ligue_2_t2,2018-2019,Orleans,Troyes,0.0,1.0,1X2,draw,b365,,3.2,3.090693421371461,3.2323039113931897,1.0,-1.0,-0.009994082326022946,0.0
2019-04-28,league_one_t3,2018-2019,Coventry,Shrewsbury,1.0,1.0,1X2,draw,b365,,3.4,3.253706561609293,3.5855248020363524,1.0,2.4,-0.05174271892666482,1.0
2019-05-04,bundesliga_2,2018-2019,Hamburg,Ingolstadt,0.0,3.0,1X2,draw,b365,,4.0,3.860110294137243,3.7131159095122466,1.0,-1.0,0.07726235794385383,0.0
2019-08-03,league_one_t3,2019-2020,Burton,Ipswich,0.0,1.0,1X2,draw,b365,,3.5,3.297139950857311,3.524277492915616,1.0,-1.0,-0.006888643974379938,0.0
2019-08-17,league_one_t3,2019-2020,AFC Wimbledon,Accrington,1.0,1.0,1X2,draw,b365,,3.6,3.4617257595370443,3.567504655187621,1.0,2.6,0.009108704249376709,1.0
2019-09-28,league_one_t3,2019-2020,Shrewsbury,Fleetwood Town,0.0,3.0,1X2,draw,b365,,3.5,3.3483937146103946,3.377168024400787,1.0,-1.0,0.036371295331391496,0.0
2019-10-05,league_one_t3,2019-2020,Fleetwood Town,Ipswich,0.0,1.0,1X2,draw,b365,,3.4,3.267039745239227,3.4832164744452916,1.0,-1.0,-0.023890698455238613,0.0
2019-10-05,league_one_t3,2019-2020,Doncaster,Portsmouth,1.0,2.0,1X2,draw,b365,,3.75,3.527188880339626,3.62462488515583,1.0,-1.0,0.034589817930574585,0.0
2019-10-21,bundesliga_2,2019-2020,Bielefeld,Hamburg,1.0,1.0,1X2,draw,b365,,3.8,3.618055797218601,3.7052963638003287,1.0,2.8,0.025558990941965787,1.0
2019-11-11,ligue_2_t2,2019-2020,Rodez,Lens,1.0,2.0,1X2,draw,b365,,3.1,2.963254878978797,3.106667609303829,1.0,-1.0,-0.0021462255195441315,0.0
2019-11-22,ligue_2_t2,2019-2020,Troyes,Chambly,0.0,4.0,1X2,draw,b365,,3.75,3.5876663564349274,3.672293012629993,1.0,-1.0,0.021160345076700615,0.0
2019-12-14,bundesliga_2,2019-2020,St Pauli,Wehen,3.0,1.0,1X2,draw,b365,,4.0,3.8132348167316823,3.861121610003965,1.0,-1.0,0.03596840608081564,0.0
2019-12-14,bundesliga_2,2019-2020,Heidenheim,Bielefeld,0.0,0.0,1X2,draw,b365,,3.75,3.5429017954695814,3.5537519994734823,1.0,2.75,0.05522276190223563,1.0
2019-12-14,ligue_2_t2,2019-2020,Ajaccio,Lens,1.0,2.0,1X2,draw,b365,,3.0,2.8786422315911144,2.8872283005701544,1.0,-1.0,0.039058809241921066,0.0
2019-12-26,league_one_t3,2019-2020,Ipswich,Gillingham,0.0,0.0,1X2,draw,b365,,3.5,3.2961880089918996,3.409964261586519,1.0,2.5,0.026403719073463616,1.0
2020-01-10,ligue_2_t2,2019-2020,Niort,Le Havre,0.0,1.0,1X2,draw,b365,,3.5,3.3812220746610575,3.454036959760101,1.0,-1.0,0.013307049338317167,0.0
2020-01-18,ligue_2_t2,2019-2020,Guingamp,Lens,1.0,1.0,1X2,draw,b365,,3.2,3.037416308786757,3.1249504680742053,1.0,2.2,0.0240162308787073,1.0
2020-01-18,league_one_t3,2019-2020,Gillingham,Oxford,1.0,1.0,1X2,draw,b365,,3.5,3.37805937352446,3.353703241071267,1.0,2.5,0.04362245208135995,1.0
2020-01-18,league_one_t3,2019-2020,Lincoln,Blackpool,1.0,0.0,1X2,draw,b365,,3.4,3.238213718350407,3.2005994965461624,1.0,-1.0,0.06230098569627818,0.0
2020-01-25,league_one_t3,2019-2020,Ipswich,Lincoln,1.0,0.0,1X2,draw,b365,,3.6,3.454326536860178,3.4898239627221423,1.0,-1.0,0.03157065756174071,0.0
2020-01-25,league_one_t3,2019-2020,Burton,Accrington,1.0,1.0,1X2,draw,b365,,3.6,3.472448050905488,3.6031174745187933,1.0,2.6,-0.0008652158973000423,1.0
2020-01-31,ligue_2_t2,2019-2020,Troyes,Grenoble,1.0,2.0,1X2,draw,b365,,3.3,3.135289317155263,3.2953936686316565,1.0,-1.0,0.001397809133454997,0.0
2020-02-01,league_one_t3,2019-2020,Bristol Rvs,Coventry,1.0,2.0,1X2,draw,b365,,3.6,3.4574198235205533,3.652428442859108,1.0,-1.0,-0.014354406576153833,0.0
2020-02-01,league_one_t3,2019-2020,Ipswich,Peterboro,1.0,4.0,1X2,draw,b365,,3.75,3.6115985483409196,3.613238766128127,1.0,-1.0,0.03785004056580066,0.0
2020-02-14,bundesliga_2,2019-2020,Heidenheim,Nurnberg,2.0,2.0,1X2,draw,b365,,3.6,3.404197762696747,3.5719275753101836,1.0,2.6,0.007859180819862699,1.0
2020-02-21,bundesliga_2,2019-2020,Osnabruck,Erzgebirge Aue,0.0,0.0,1X2,draw,b365,,3.6,3.457728840466188,3.460961843798348,1.0,2.6,0.04017327045971131,1.0
2020-02-23,bundesliga_2,2019-2020,Sandhausen,Karlsruhe,0.0,2.0,1X2,draw,b365,,3.6,3.378679456806237,3.462078716577386,1.0,-1.0,0.03983770870437153,0.0
2020-06-14,bundesliga_2,2019-2020,Karlsruhe,Stuttgart,2.0,1.0,1X2,draw,b365,,4.2,4.034327160670039,4.022927354108808,1.0,-1.0,0.0440158696155275,0.0
2020-08-22,ligue_2_t2,2020-2021,Auxerre,Sochaux,0.0,2.0,1X2,draw,b365,,3.2,2.9644729801711347,3.063647246591199,1.0,-1.0,0.044506675355824754,0.0
2020-08-29,ligue_2_t2,2020-2021,Sochaux,Troyes,2.0,1.0,1X2,draw,b365,,3.0,2.8877722060027153,2.874870469808369,1.0,-1.0,0.04352527583615684,0.0
2020-09-12,ligue_2_t2,2020-2021,Niort,Nancy,1.0,0.0,1X2,draw,b365,,3.2,3.087381953914861,2.9625410723969607,1.0,-1.0,0.08015380101073633,0.0
2020-09-12,ligue_2_t2,2020-2021,Chambly,Grenoble,1.0,2.0,1X2,draw,b365,,3.1,2.9784436453340706,2.9870186959241165,1.0,-1.0,0.0378241034212643,0.0
2020-09-14,ligue_2_t2,2020-2021,Toulouse,Sochaux,0.0,0.0,1X2,draw,b365,,3.2,3.0247508321635315,3.103184942725163,1.0,2.2,0.031198610157542106,1.0
2020-10-03,ligue_2_t2,2020-2021,Paris FC,Le Havre,3.0,0.0,1X2,draw,b365,,3.0,2.8767258853662496,2.87691154810329,1.0,-1.0,0.042784927460790545,0.0
2020-10-17,ligue_2_t2,2020-2021,Amiens,Grenoble,1.0,0.0,1X2,draw,b365,,3.1,2.9934687443319934,2.9738470141081645,1.0,-1.0,0.04242080554021643,0.0
2020-10-17,ligue_2_t2,2020-2021,Le Havre,Chateauroux,1.0,1.0,1X2,draw,b365,,3.25,3.1171791772271242,3.1947800615667385,1.0,2.25,0.017284425647185575,1.0
2020-10-31,bundesliga_2,2020-2021,Paderborn,Regensburg,3.0,1.0,1X2,draw,b365,,3.6,3.4392403208320235,3.8357907600652097,1.0,-1.0,-0.06147122583433129,0.0
2020-11-28,ligue_2_t2,2020-2021,Grenoble,Paris FC,0.0,0.0,1X2,draw,b365,,3.0,2.871450686084526,3.0811472493964494,1.0,2.0,-0.026336699556421705,1.0
2020-12-15,bundesliga_2,2020-2021,Hannover,Bochum,2.0,0.0,1X2,draw,b365,,3.5,3.366962451560518,3.5265098781680946,1.0,-1.0,-0.007517312891199279,0.0
2021-01-02,league_one_t3,2020-2021,Bristol Rvs,Blackpool,2.0,1.0,1X2,draw,b365,,3.6,3.439525193017307,3.8146649911368264,1.0,-1.0,-0.05627361554306587,0.0
2021-01-31,bundesliga_2,2020-2021,Sandhausen,Nurnberg,2.0,0.0,1X2,draw,b365,,3.5,3.370323742379464,3.321241198641823,1.0,-1.0,0.05382289049987632,0.0
2021-02-27,ligue_2_t2,2020-2021,Pau FC,Le Havre,2.0,0.0,1X2,draw,b365,,3.0,2.890780155106162,3.1102716012471543,1.0,-1.0,-0.035454010255225876,0.0
2021-04-03,ligue_2_t2,2020-2021,Caen,Pau FC,1.0,1.0,1X2,draw,b365,,3.2,3.07830530437539,3.0606712927442175,1.0,2.2,0.04552227074697068,1.0
2021-04-10,ligue_2_t2,2020-2021,Le Havre,Ajaccio,1.0,1.0,1X2,draw,b365,,3.0,2.8976926103855964,2.9846350112040816,1.0,2.0,0.005148029403340582,1.0
2021-04-24,ligue_2_t2,2020-2021,Rodez,Le Havre,1.0,1.0,1X2,draw,b365,,3.0,2.884224349817903,2.9090704831309164,1.0,2.0,0.031257240894080995,1.0
2021-04-25,bundesliga_1,2020-2021,M'gladbach,Bielefeld,5.0,0.0,1X2,draw,b365,,4.2,4.04661925016707,4.096061605623453,1.0,-1.0,0.025375202910486117,0.0
2021-05-08,ligue_2_t2,2020-2021,Rodez,Nancy,1.0,1.0,1X2,draw,b365,,3.1,2.9908329686635677,3.2590422313143925,1.0,2.1,-0.048800297764245215,1.0
2021-05-23,bundesliga_2,2020-2021,Bochum,Sandhausen,3.0,1.0,1X2,draw,b365,,4.2,3.9618249012650404,4.101987931677203,1.0,-1.0,0.023893797338092604,0.0
2021-07-24,bundesliga_2,2021-2022,Darmstadt,Regensburg,0.0,2.0,1X2,draw,b365,,3.6,3.303923374055772,3.3783521631209243,1.0,-1.0,0.06560826881775328,0.0
2021-07-31,ligue_2_t2,2021-2022,Sochaux,Le Havre,0.0,2.0,1X2,draw,b365,,3.3,3.1674894588902736,3.375874799082575,1.0,-1.0,-0.022475596281945842,0.0
2021-09-24,ligue_2_t2,2021-2022,Dijon,Valenciennes,0.0,1.0,1X2,draw,b365,,4.0,3.854627262823307,3.859470307483441,1.0,-1.0,0.03641165271930569,0.0
2021-10-16,ligue_2_t2,2021-2022,Dijon,Amiens,1.0,0.0,1X2,draw,b365,,3.3,3.1708940768716656,3.3940727882614863,1.0,-1.0,-0.02771678574096592,0.0
2021-10-16,ligue_2_t2,2021-2022,Valenciennes,Dunkerque,1.0,3.0,1X2,draw,b365,,3.3,3.1448246093752315,3.4118726574083746,1.0,-1.0,-0.0327892241715001,0.0
2021-10-23,league_one_t3,2021-2022,Doncaster,Cheltenham,3.0,2.0,1X2,draw,b365,,3.25,3.128228587509595,3.163340157795311,1.0,-1.0,0.027395043808721153,0.0
2021-10-23,ligue_2_t2,2021-2022,Dunkerque,Caen,1.0,1.0,1X2,draw,b365,,3.0,2.8543321281585845,3.1681306139256593,1.0,2.0,-0.05306934416991327,1.0
2021-11-20,ligue_2_t2,2021-2022,Le Havre,Amiens,1.0,1.0,1X2,draw,b365,,3.25,3.1389492523343017,3.1987047194299794,1.0,2.25,0.01603626626066368,1.0
2022-01-17,ligue_2_t2,2021-2022,Paris FC,Le Havre,2.0,2.0,1X2,draw,b365,,3.25,3.0096119260773455,3.0290543365784313,1.0,2.25,0.07294212611291262,1.0
2022-03-05,ligue_2_t2,2021-2022,Dijon,Caen,1.0,0.0,1X2,draw,b365,,3.2,3.084125264927828,3.049810642130747,1.0,-1.0,0.04924546979884736,0.0
2022-03-12,ligue_2_t2,2021-2022,Ajaccio,Bastia,0.0,1.0,1X2,draw,b365,,3.25,3.015585591550264,3.228715704150957,1.0,-1.0,0.006592186429322133,0.0
2022-05-15,bundesliga_2,2021-2022,Werder Bremen,Regensburg,2.0,0.0,1X2,draw,b365,,7.5,7.241039529552776,7.345130902877659,1.0,-1.0,0.021084593204685698,0.0
2022-08-30,ligue_2_t2,2022-2023,Guingamp,Sochaux,1.0,2.0,1X2,draw,b365,,3.2,3.067371349622274,3.058136763925651,1.0,-1.0,0.046388780824910825,0.0
2022-10-08,ligue_2_t2,2022-2023,Amiens,Dijon,2.0,1.0,1X2,draw,b365,,3.5,3.364000105192458,3.237745272779158,1.0,-1.0,0.0809991846565905,0.0
2022-11-05,ligue_2_t2,2022-2023,Bastia,Paris FC,0.0,1.0,1X2,draw,b365,,3.1,2.977570048072981,3.101920981759028,1.0,-1.0,-0.0006192877801608487,0.0
2022-11-05,ligue_2_t2,2022-2023,Pau FC,Amiens,2.0,1.0,1X2,draw,b365,,3.25,3.110811710424669,3.26536538593613,1.0,-1.0,-0.004705564039573673,0.0
2022-11-05,ligue_2_t2,2022-2023,Rodez,Grenoble,0.0,1.0,1X2,draw,b365,,3.25,3.0620873928465713,2.9688373034400417,1.0,-1.0,0.09470464960615055,0.0
2022-11-05,ligue_2_t2,2022-2023,Valenciennes,Caen,1.0,1.0,1X2,draw,b365,,3.3,3.165201995984348,3.331936371829109,1.0,2.3,-0.009584928481565669,1.0
2022-12-26,ligue_2_t2,2022-2023,Pau FC,Paris FC,0.0,1.0,1X2,draw,b365,,3.2,3.0120928174966544,3.2928158616607197,1.0,-1.0,-0.028187382945218276,0.0
2023-01-02,league_one_t3,2022-2023,Lincoln,Ipswich,1.0,1.0,1X2,draw,b365,,4.33,4.120277013737968,3.7493687343845012,1.0,3.33,0.15486107308963182,1.0
2023-01-10,ligue_2_t2,2022-2023,Pau FC,Grenoble,0.0,0.0,1X2,draw,b365,,3.1,2.975056459519907,2.866209279397048,1.0,2.1,0.0815679169987662,1.0
2023-01-13,ligue_2_t2,2022-2023,Laval,Rodez,3.0,1.0,1X2,draw,b365,,3.3,3.150940038666601,3.1387093751656994,1.0,-1.0,0.05138756270665734,0.0
2023-01-28,ligue_2_t2,2022-2023,Pau FC,Annecy,2.0,2.0,1X2,draw,b365,,3.1,2.950998723331714,3.0903559854360942,1.0,2.1,0.0031206807919070823,1.0
2023-02-18,ligue_2_t2,2022-2023,Valenciennes,Rodez,0.0,0.0,1X2,draw,b365,,3.2,3.062019536098511,3.1344112646495463,1.0,2.2,0.02092537635063252,1.0
2023-02-27,ligue_2_t2,2022-2023,Amiens,Bordeaux,1.0,2.0,1X2,draw,b365,,3.5,3.26791403466475,3.540619918427181,1.0,-1.0,-0.011472544176734267,0.0
2023-03-14,ligue_2_t2,2022-2023,Paris FC,Amiens,3.0,0.0,1X2,draw,b365,,3.6,3.3948076894387014,3.498663993985551,1.0,-1.0,0.028964200674501228,0.0
2023-04-08,ligue_2_t2,2022-2023,Quevilly Rouen,Caen,2.0,1.0,1X2,draw,b365,,3.1,2.9747028077204973,2.947917522727638,1.0,-1.0,0.05158980063039342,0.0
2023-04-22,ligue_2_t2,2022-2023,Dijon,Bastia,1.0,1.0,1X2,draw,b365,,3.1,2.9861434067281363,2.9929484512267535,1.0,2.1,0.035767922674835306,1.0
2022-04-05,league_one_t3,2021-2022,Wigan,Accrington,3.0,0.0,1X2,draw,average,,5.0,4.32504878510259,4.1276124966775996,1.0,-1.0,0.21135402221613653,0.0
2017-08-21,bundesliga_2,2017-2018,Bielefeld,Bochum,2.0,0.0,1X2,away,b365,,3.5,3.364322148895051,3.0359760371560345,1.0,-1.0,0.15284177383647668,0.0
2017-08-26,league_one_t3,2017-2018,Wigan,Portsmouth,1.0,1.0,1X2,away,b365,,4.2,3.9755199680618034,4.542462105724561,1.0,-1.0,-0.07539129611956008,0.0
2017-08-26,league_one_t3,2017-2018,Blackburn,Milton Keynes Dons,4.0,1.0,1X2,away,b365,,4.0,3.6380253171126213,4.042410620894069,1.0,-1.0,-0.010491418332135849,0.0
2017-08-26,league_one_t3,2017-2018,Blackpool,Oldham,2.0,1.0,1X2,away,b365,,3.6,3.4048832145663948,4.985598502153831,1.0,-1.0,-0.27792019384538036,0.0
2017-09-09,league_one_t3,2017-2018,Peterboro,Bradford,1.0,3.0,1X2,away,b365,,2.9,2.7603002668424588,3.383191522664037,1.0,1.9,-0.14282121465105713,1.0
2017-09-09,league_one_t3,2017-2018,Fleetwood Town,Oldham,2.0,2.0,1X2,away,b365,,5.75,5.503684311324413,6.004118096125317,1.0,-1.0,-0.042323966993472184,0.0
2017-09-09,league_one_t3,2017-2018,Charlton,Southend,2.0,1.0,1X2,away,b365,,3.25,3.1161086082429,4.352338911379667,1.0,-1.0,-0.2532750628627475,0.0
2017-09-09,league_one_t3,2017-2018,Bristol Rvs,Walsall,2.0,1.0,1X2,away,b365,,4.2,3.9970139952839716,3.786472721918725,1.0,-1.0,0.10921174096606934,0.0
2017-09-21,bundesliga_2,2017-2018,Nurnberg,Bochum,3.0,1.0,1X2,away,b365,,3.8,3.629076319343278,3.2913558053359204,1.0,-1.0,0.15453941316203768,0.0
2017-10-21,league_one_t3,2017-2018,Bradford,Charlton,0.0,1.0,1X2,away,b365,,3.2,3.088446191139512,2.845293265796598,1.0,2.2,0.12466438467603624,1.0
2017-10-21,league_one_t3,2017-2018,Southend,Bury,1.0,0.0,1X2,away,b365,,3.7,3.515885870457836,3.7770802306622384,1.0,-1.0,-0.02040735858256415,0.0
2017-11-04,bundesliga_1,2017-2018,RB Leipzig,Hannover,2.0,1.0,1X2,away,b365,,7.5,7.221451344622678,7.265076786005894,1.0,-1.0,0.0323359574735147,0.0
2017-12-08,ligue_2_t2,2017-2018,Brest,Bourg Peronnas,3.0,0.0,1X2,away,b365,,7.0,6.741778639047804,6.9632881124413215,1.0,-1.0,0.005272205740429525,0.0
2018-01-06,league_one_t3,2017-2018,Charlton,Oldham,1.0,0.0,1X2,away,b365,,3.29,3.1498563982434713,4.048519735387113,1.0,-1.0,-0.18735730216579627,0.0
2018-01-26,ligue_2_t2,2017-2018,Ajaccio GFCO,Bourg Peronnas,1.0,2.0,1X2,away,b365,,6.0,5.7830084926458865,5.383380339171899,1.0,5.0,0.11454135171191582,1.0
2018-02-10,bundesliga_2,2017-2018,Regensburg,Heidenheim,2.0,0.0,1X2,away,b365,,3.75,3.6103934561865394,3.6775667935725522,1.0,-1.0,0.019695959446349942,0.0
2018-02-17,league_one_t3,2017-2018,Oxford,Plymouth,0.0,1.0,1X2,away,b365,,2.79,2.66816653600085,3.1243299240032507,1.0,1.79,-0.10700852091025925,1.0
2018-03-03,bundesliga_2,2017-2018,Holstein Kiel,Duisburg,5.0,0.0,1X2,away,b365,,4.75,4.557935164965181,5.053805722289339,1.0,-1.0,-0.060114246368718205,0.0
2018-03-09,bundesliga_2,2017-2018,Bielefeld,Nurnberg,1.0,0.0,1X2,away,b365,,3.1,2.954381558898274,2.911183650003476,1.0,-1.0,0.0648589620913469,0.0
2018-04-07,bundesliga_1,2017-2018,M'gladbach,Hertha,2.0,1.0,1X2,away,b365,,5.75,5.460621344865918,5.186814454001763,1.0,-1.0,0.10858023763771318,0.0
2018-04-20,ligue_2_t2,2017-2018,Clermont,Orleans,4.0,2.0,1X2,away,b365,,7.5,7.016107707807779,6.833789924808698,1.0,-1.0,0.09748764338990878,0.0
2018-04-28,league_one_t3,2017-2018,Oldham,Doncaster,0.0,0.0,1X2,away,b365,,3.7,3.5319089920043107,4.212077529107791,1.0,-1.0,-0.12157362383979198,0.0
2018-05-04,ligue_2_t2,2017-2018,Brest,Quevilly Rouen,2.0,0.0,1X2,away,b365,,6.0,5.700576189495983,5.988073343020097,1.0,-1.0,0.0019917352872447225,0.0
2018-05-05,bundesliga_1,2017-2018,Ein Frankfurt,Hamburg,3.0,0.0,1X2,away,b365,,4.0,3.833995167418628,3.9585296141235036,1.0,-1.0,0.010476209582602536,0.0
2018-05-05,bundesliga_1,2017-2018,M'gladbach,Freiburg,3.0,1.0,1X2,away,b365,,4.75,4.565928914727245,3.963296239506082,1.0,-1.0,0.1984973398284151,0.0
2018-05-05,league_one_t3,2017-2018,Rochdale,Charlton,1.0,0.0,1X2,away,b365,,3.5,3.3424433662063446,4.1403990054438005,1.0,-1.0,-0.15467084322110103,0.0
2018-08-19,league_one_t3,2018-2019,Sunderland,Scunthorpe,3.0,0.0,1X2,away,b365,,5.0,4.697271283940866,6.424581943158866,1.0,-1.0,-0.2217392440103927,0.0
2018-08-24,ligue_2_t2,2018-2019,Grenoble,Chateauroux,0.0,0.0,1X2,away,b365,,5.0,4.644999851153249,4.463687873009311,1.0,-1.0,0.12015000650776231,0.0
2018-09-01,league_one_t3,2018-2019,Fleetwood Town,Bradford,2.0,1.0,1X2,away,b365,,4.5,4.296740645019345,4.352218060267031,1.0,-1.0,0.03395554581286353,0.0
2018-09-21,bundesliga_1,2018-2019,Stuttgart,Fortuna Dusseldorf,0.0,0.0,1X2,away,b365,,5.25,5.04706800091416,5.473824453994542,1.0,-1.0,-0.04088995836013798,0.0
2018-09-22,league_one_t3,2018-2019,Doncaster,Bradford,2.0,1.0,1X2,away,b365,,6.0,5.558105834613473,5.979472760326176,1.0,-1.0,0.0034329514484994217,0.0
2018-09-28,ligue_2_t2,2018-2019,Ajaccio,Valenciennes,3.0,1.0,1X2,away,b365,,5.0,4.6297554038376,4.576522138065002,1.0,-1.0,0.0925326807474045,0.0
2018-09-29,league_one_t3,2018-2019,Burton,Scunthorpe,0.0,0.0,1X2,away,b365,,4.2,4.03818348068765,3.9047838567525948,1.0,-1.0,0.07560370921347781,0.0
2018-10-29,bundesliga_2,2018-2019,Bochum,Regensburg,3.0,3.0,1X2,away,b365,,3.75,3.537308472074239,3.4916463705682355,1.0,-1.0,0.07399192301072555,0.0
2018-11-03,league_one_t3,2018-2019,Charlton,Doncaster,2.0,0.0,1X2,away,b365,,3.4,3.2845130022472278,3.2845130022472278,1.0,-1.0,0.03516107187694417,0.0
2018-11-03,league_one_t3,2018-2019,Coventry,Accrington,1.0,1.0,1X2,away,b365,,4.2,3.9376490543650418,3.9376490543650418,1.0,-1.0,0.06662628944652438,0.0
2018-12-14,ligue_2_t2,2018-2019,Nancy,Troyes,1.0,1.0,1X2,away,b365,,3.0,2.8982830509415907,2.925165879163361,1.0,-1.0,0.025582863990620153,0.0
2018-12-15,league_one_t3,2018-2019,Shrewsbury,Peterboro,2.0,2.0,1X2,away,b365,,3.9,3.766858035919222,3.619835998709987,1.0,-1.0,0.07739687692753372,0.0
2018-12-21,bundesliga_2,2018-2019,FC Koln,Bochum,2.0,3.0,1X2,away,b365,,7.5,7.16433660871899,6.71484349947489,1.0,6.5,0.11692848844303083,1.0
2018-12-22,bundesliga_1,2018-2019,RB Leipzig,Werder Bremen,3.0,2.0,1X2,away,b365,,7.0,6.584809963109856,7.417498648528767,1.0,-1.0,-0.0562856386379762,0.0
2018-12-26,league_one_t3,2018-2019,AFC Wimbledon,Plymouth,2.0,1.0,1X2,away,b365,,4.2,3.9666569858278957,3.771211793952018,1.0,-1.0,0.11370037788268483,0.0
2018-12-29,league_one_t3,2018-2019,Rochdale,Bradford,0.0,4.0,1X2,away,b365,,5.25,4.788371558862186,4.2632738940908546,1.0,4.25,0.23144797412073514,1.0
2019-01-12,league_one_t3,2018-2019,Walsall,Scunthorpe,1.0,2.0,1X2,away,b365,,3.6,3.349160275115372,3.587897054311851,1.0,2.6,0.0033732700534436777,1.0
2019-01-12,league_one_t3,2018-2019,Peterboro,Rochdale,2.0,1.0,1X2,away,b365,,3.5,3.35331652155502,3.9596136696236974,1.0,-1.0,-0.11607538208831791,0.0
2019-01-18,ligue_2_t2,2018-2019,Lorient,Ajaccio GFCO,0.0,1.0,1X2,away,b365,,9.0,8.66591913005945,8.895272176044625,1.0,8.0,0.011773425464980392,1.0
2019-01-19,league_one_t3,2018-2019,Doncaster,Burton,2.0,2.0,1X2,away,b365,,3.4,3.235525985785659,3.3824233580539667,1.0,-1.0,0.005196464216751906,0.0
2019-02-02,league_one_t3,2018-2019,Walsall,Rochdale,1.0,2.0,1X2,away,b365,,3.3,3.1255638115658306,3.4639876192694294,1.0,2.3,-0.047340705941672945,1.0
2019-02-02,league_one_t3,2018-2019,Sunderland,AFC Wimbledon,1.0,0.0,1X2,away,b365,,6.5,6.050996277185551,6.455969711834134,1.0,-1.0,0.0068200890232115174,0.0
2019-02-02,league_one_t3,2018-2019,Coventry,Gillingham,1.0,1.0,1X2,away,b365,,5.0,4.414131111662296,4.884069128850969,1.0,-1.0,0.02373653363426187,0.0
2019-02-11,ligue_2_t2,2018-2019,Brest,Auxerre,1.0,0.0,1X2,away,b365,,4.75,4.551571271959751,3.5449302570045425,1.0,-1.0,0.33994173527513594,0.0
2019-02-16,league_one_t3,2018-2019,Oxford,Peterboro,0.0,1.0,1X2,away,b365,,3.8,3.663111999038633,4.292753839872956,1.0,2.8,-0.11478735055712852,1.0
2019-03-02,league_one_t3,2018-2019,Luton,Rochdale,2.0,0.0,1X2,away,b365,,8.0,7.719117370844887,9.302849147544391,1.0,-1.0,-0.14004840096630988,0.0
2019-03-02,league_one_t3,2018-2019,Accrington,Coventry,0.0,1.0,1X2,away,b365,,3.0,2.854590720810269,2.728098528409513,1.0,2.0,0.09966702769676217,1.0
2019-03-09,bundesliga_1,2018-2019,Dortmund,Stuttgart,3.0,1.0,1X2,away,b365,,11.0,10.16829514025017,10.771924309577802,1.0,-1.0,0.021173161253965178,0.0
2019-03-15,ligue_2_t2,2018-2019,Grenoble,Nancy,1.0,0.0,1X2,away,b365,,4.0,3.7409649551177173,3.626825128197895,1.0,-1.0,0.10289298728541918,0.0
2019-03-15,ligue_2_t2,2018-2019,Valenciennes,Orleans,1.0,4.0,1X2,away,b365,,3.6,3.39371954697304,3.566536715228313,1.0,2.6,0.009382571229059833,1.0
2019-03-16,league_one_t3,2018-2019,Luton,Gillingham,2.0,2.0,1X2,away,b365,,11.0,9.813444130428554,10.702127607887993,1.0,-1.0,0.027833006952043826,0.0
2019-03-16,league_one_t3,2018-2019,Sunderland,Walsall,2.0,1.0,1X2,away,b365,,8.0,7.219374614510073,6.990719414516937,1.0,-1.0,0.14437435199976556,0.0
2019-03-23,league_one_t3,2018-2019,Peterboro,Southend,2.0,0.0,1X2,away,b365,,4.2,3.8360239106454728,4.002351629410716,1.0,-1.0,0.04938305998325898,0.0
2019-03-30,league_one_t3,2018-2019,Charlton,Bradford,1.0,0.0,1X2,away,b365,,6.0,5.592375603133965,5.6443768346642935,1.0,-1.0,0.06300485877407902,0.0
2019-04-06,league_one_t3,2018-2019,Shrewsbury,Scunthorpe,1.0,1.0,1X2,away,b365,,4.75,4.382786472482104,4.329926534862229,1.0,-1.0,0.09701630310712361,0.0
2019-04-12,ligue_2_t2,2018-2019,Metz,Chateauroux,2.0,1.0,1X2,away,b365,,8.0,7.4832947017945735,7.556041270025156,1.0,-1.0,0.05875546653457686,0.0
2019-04-22,league_one_t3,2018-2019,Bristol Rvs,Rochdale,0.0,1.0,1X2,away,b365,,4.0,3.8213557302427352,4.1082811341879415,1.0,3.0,-0.026356797563549583,1.0
2019-04-26,bundesliga_2,2018-2019,Ingolstadt,Dresden,1.0,0.0,1X2,away,b365,,4.75,4.51542705693221,5.4603775367119685,1.0,-1.0,-0.1300967802932782,0.0
2019-04-27,league_one_t3,2018-2019,Scunthorpe,Bradford,2.0,3.0,1X2,away,b365,,4.75,4.58047656866171,4.903937910944614,1.0,3.75,-0.03139067291228448,1.0
2019-04-27,league_one_t3,2018-2019,Accrington,Plymouth,5.0,1.0,1X2,away,b365,,3.1,2.958523288414717,3.1600015162413073,1.0,-1.0,-0.018987812484557498,0.0
2019-04-27,bundesliga_2,2018-2019,Magdeburg,Greuther Furth,2.0,1.0,1X2,away,b365,,5.0,4.775699339230425,5.268104343695909,1.0,-1.0,-0.05089199571696734,0.0
2019-05-04,league_one_t3,2018-2019,Peterboro,Burton,3.0,1.0,1X2,away,b365,,4.2,3.944733141956759,3.9605273939290417,1.0,-1.0,0.06046482759797045,0.0
2019-05-10,ligue_2_t2,2018-2019,Orleans,Beziers,0.0,0.0,1X2,away,b365,,3.25,3.067429821675289,3.3409783974952747,1.0,-1.0,-0.027231064278500305,0.0
2019-05-12,bundesliga_2,2018-2019,Paderborn,Hamburg,4.0,1.0,1X2,away,b365,,3.5,3.32577313982219,2.9286476716832848,1.0,-1.0,0.1950908379458025,0.0
2019-05-18,bundesliga_1,2018-2019,Wolfsburg,Augsburg,8.0,1.0,1X2,away,b365,,8.0,7.683697375665447,9.642210445453705,1.0,-1.0,-0.17031472759734312,0.0
2019-05-18,bundesliga_1,2018-2019,Fortuna Dusseldorf,Hannover,2.0,1.0,1X2,away,b365,,6.0,5.561234866299766,7.925303800098957,1.0,-1.0,-0.24293122997694017,0.0
2019-08-03,league_one_t3,2019-2020,Doncaster,Gillingham,1.0,1.0,1X2,away,b365,,4.33,3.951352967793991,4.150762566130086,1.0,-1.0,0.04318180840611752,0.0
2019-08-16,ligue_2_t2,2019-2020,Caen,Chambly,0.0,0.0,1X2,away,b365,,3.2,3.067446479420888,3.12822849503972,1.0,-1.0,0.022943178567065958,0.0
2019-08-17,league_one_t3,2019-2020,Doncaster,Fleetwood Town,3.0,2.0,1X2,away,b365,,3.5,3.2851244718635497,2.7487782706006776,1.0,-1.0,0.2732929525214711,0.0
2019-08-17,league_one_t3,2019-2020,Burton,Rotherham,0.0,1.0,1X2,away,b365,,3.2,3.057618448887282,3.087537833500305,1.0,2.2,0.03642454686043406,1.0
2019-08-17,bundesliga_2,2019-2020,Stuttgart,St Pauli,2.0,1.0,1X2,away,b365,,8.0,7.522456734231288,7.921589075847248,1.0,-1.0,0.009898383190795057,0.0
2019-08-24,bundesliga_1,2019-2020,Hoffenheim,Werder Bremen,3.0,2.0,1X2,away,b365,,4.2,4.030763795690329,3.5551996777509802,1.0,-1.0,0.18136824389479034,0.0
2019-08-31,league_one_t3,2019-2020,Lincoln,Fleetwood Town,2.0,0.0,1X2,away,b365,,3.3,3.1711387824951083,3.476030052273619,1.0,-1.0,-0.050641119215433905,0.0
2019-09-16,ligue_2_t2,2019-2020,Lens,Chateauroux,1.0,0.0,1X2,away,b365,,9.0,8.42909361382191,12.048263657047247,1.0,-1.0,-0.2530043949747284,0.0
2019-09-21,league_one_t3,2019-2020,Rotherham,Shrewsbury,0.0,0.0,1X2,away,b365,,4.2,4.012062216826098,4.594865271701024,1.0,-1.0,-0.08593620233718935,0.0
2019-09-28,league_one_t3,2019-2020,Coventry,Doncaster,1.0,1.0,1X2,away,b365,,3.5,3.380428952834426,3.3820163161039525,1.0,-1.0,0.0348856045827608,0.0
2019-09-28,league_one_t3,2019-2020,Sunderland,Milton Keynes Dons,2.0,1.0,1X2,away,b365,,6.0,5.481930632847189,6.017936393639018,1.0,-1.0,-0.002980489068973302,0.0
2019-10-18,ligue_2_t2,2019-2020,Troyes,Le Mans,2.0,1.0,1X2,away,b365,,7.0,6.716784629412335,6.798868036794212,1.0,-1.0,0.02958315444825521,0.0
2019-10-19,league_one_t3,2019-2020,Rotherham,Oxford,1.0,2.0,1X2,away,b365,,3.2,3.0679953565834452,3.027133245478215,1.0,2.2,0.0571057632761971,1.0
2019-10-23,league_one_t3,2019-2020,Peterboro,Accrington,4.0,0.0,1X2,away,b365,,5.5,4.99427080575618,5.469378717816094,1.0,-1.0,0.005598676515882639,0.0
2019-12-14,league_one_t3,2019-2020,Lincoln,Tranmere,1.0,0.0,1X2,away,b365,,5.5,5.081539890113671,5.429599456771993,1.0,-1.0,0.012966065690204864,0.0
2019-12-29,league_one_t3,2019-2020,Accrington,Burton,2.0,0.0,1X2,away,b365,,2.87,2.7568043892498992,2.682334476054082,1.0,-1.0,0.06996350590176537,0.0
2019-12-29,league_one_t3,2019-2020,Fleetwood Town,Bristol Rvs,0.0,0.0,1X2,away,b365,,5.5,5.164584995981609,6.5368125923555755,1.0,-1.0,-0.1586113381264851,0.0
2020-01-01,league_one_t3,2019-2020,Doncaster,Oxford,1.0,0.0,1X2,away,b365,,3.0,2.8776494998014686,2.7782162289082923,1.0,-1.0,0.07982955710357298,0.0
2020-01-28,league_one_t3,2019-2020,Rotherham,Ipswich,1.0,0.0,1X2,away,b365,,4.1,3.8208190134375353,3.6291848005620126,1.0,-1.0,0.1297302907708302,0.0
2020-02-01,league_one_t3,2019-2020,Accrington,AFC Wimbledon,2.0,1.0,1X2,away,b365,,5.25,4.755430060724646,5.532923564265779,1.0,-1.0,-0.05113455137768985,0.0
2020-02-01,bundesliga_2,2019-2020,Hannover,Wehen,2.0,2.0,1X2,away,b365,,5.75,5.51517710297773,5.729169299197724,1.0,-1.0,0.00363590246934975,0.0
2020-03-01,bundesliga_1,2019-2020,RB Leipzig,Leverkusen,1.0,1.0,1X2,away,b365,,6.5,6.22931901957391,6.717360249141891,1.0,-1.0,-0.03235798603620488,0.0
2020-03-07,league_one_t3,2019-2020,Lincoln,Burton,3.0,2.0,1X2,away,b365,,3.0,2.8966934827723745,3.2088252892337463,1.0,-1.0,-0.06507842291520116,0.0
2020-10-17,ligue_2_t2,2020-2021,Ajaccio,Toulouse,0.0,1.0,1X2,away,b365,,3.8,3.6294910016229402,4.209855637324904,1.0,2.8,-0.09735622136091615,1.0
2020-10-24,bundesliga_1,2020-2021,RB Leipzig,Hertha,2.0,1.0,1X2,away,b365,,7.0,6.700445260401669,6.064142406487618,1.0,-1.0,0.15432645389580069,0.0
2021-01-08,ligue_2_t2,2020-2021,Paris FC,Ajaccio,1.0,1.0,1X2,away,b365,,4.2,3.9498164054304463,3.6977394767026763,1.0,-1.0,0.13582907245407028,0.0
2021-01-10,bundesliga_2,2020-2021,Paderborn,Erzgebirge Aue,2.0,1.0,1X2,away,b365,,4.75,4.525479156899644,4.437379825981506,1.0,-1.0,0.07045152461100068,0.0
2021-02-07,bundesliga_2,2020-2021,Greuther Furth,Wurzburger Kickers,4.0,1.0,1X2,away,b365,,7.0,6.561715998831934,5.683920279637133,1.0,-1.0,0.23154436649609145,0.0
2021-02-15,bundesliga_1,2020-2021,Bayern Munich,Bielefeld,3.0,3.0,1X2,away,b365,,21.0,18.811799082457046,23.04668083077284,1.0,-1.0,-0.08880588253906085,0.0
2021-03-13,ligue_2_t2,2020-2021,Ajaccio,Guingamp,0.0,2.0,1X2,away,b365,,4.2,3.9375786115651925,3.936049173574848,1.0,3.2,0.06705983964763917,1.0
2021-03-20,league_one_t3,2020-2021,Fleetwood Town,Swindon,0.0,2.0,1X2,away,b365,,6.0,5.652904833861643,6.368678701782792,1.0,5.0,-0.057889354926884184,1.0
2021-04-27,league_one_t3,2020-2021,Charlton,Crewe,2.0,2.0,1X2,away,b365,,5.25,4.999892168768464,5.919894254446186,1.0,-1.0,-0.11315983456006096,0.0
2021-05-08,ligue_2_t2,2020-2021,Toulouse,Caen,3.0,0.0,1X2,away,b365,,7.5,7.08674656071102,9.229001802826742,1.0,-1.0,-0.1873443997266495,0.0
2021-05-09,league_one_t3,2020-2021,Milton Keynes Dons,Rochdale,0.0,3.0,1X2,away,b365,,5.0,4.759471882454403,5.233689190096172,1.0,4.0,-0.0446509491886502,1.0
2021-05-09,league_one_t3,2020-2021,Wigan,Swindon,3.0,4.0,1X2,away,b365,,4.33,4.147542432748424,4.739531863556557,1.0,3.33,-0.08640766120923249,1.0
2021-05-23,bundesliga_2,2020-2021,Greuther Furth,Fortuna Dusseldorf,3.0,2.0,1X2,away,b365,,6.0,5.376051792927239,5.75201901875085,1.0,-1.0,0.04311198910169867,0.0
2021-07-24,bundesliga_2,2021-2022,Darmstadt,Regensburg,0.0,2.0,1X2,away,b365,,3.4,2.6156438570316656,3.0691829424610657,1.0,2.4,0.10778668581862516,1.0
2021-11-06,bundesliga_2,2021-2022,Paderborn,Ingolstadt,2.0,1.0,1X2,away,b365,,7.5,7.242671110092513,5.778408516653946,1.0,-1.0,0.2979352322329334,0.0
2021-11-07,bundesliga_2,2021-2022,Schalke 04,Darmstadt,2.0,4.0,1X2,away,b365,,4.33,4.054674150242603,3.983781393784251,1.0,3.33,0.08690702927523608,1.0
2022-08-06,league_one_t3,2022-2023,Barnsley,Cheltenham,1.0,0.0,1X2,away,b365,,5.0,4.817245736532353,4.7194325751047685,1.0,-1.0,0.05944939787364234,0.0
2022-08-06,league_one_t3,2022-2023,Peterboro,Morecambe,3.0,0.0,1X2,away,b365,,7.5,7.208243430175924,6.632229877802843,1.0,-1.0,0.13084138188597239,0.0
2022-09-03,ligue_2_t2,2022-2023,Paris FC,Bordeaux,1.0,3.0,1X2,away,b365,,4.0,3.829658993874021,3.8160514456964965,1.0,3.0,0.04820389790891033,1.0
2022-11-04,bundesliga_2,2022-2023,Darmstadt,Hannover,1.0,0.0,1X2,away,b365,,5.0,4.812407205164055,4.625347690696281,1.0,-1.0,0.08099981544248402,0.0
2023-03-11,league_one_t3,2022-2023,Charlton,Accrington,1.0,1.0,1X2,away,b365,,5.25,4.912407305681145,5.477929918000206,1.0,-1.0,-0.04160876853339068,0.0
2023-04-02,bundesliga_2,2022-2023,Holstein Kiel,Bielefeld,2.0,3.0,1X2,away,b365,,3.5,3.3690730838448677,3.658663544889007,1.0,2.5,-0.043366530685953086,1.0
2023-04-10,league_one_t3,2022-2023,Sheffield Weds,Accrington,3.0,0.0,1X2,away,b365,,13.0,11.83316613937564,12.30308304189496,1.0,-1.0,0.05664571682820241,0.0
2023-04-10,league_one_t3,2022-2023,Portsmouth,Morecambe,0.0,0.0,1X2,away,b365,,8.5,8.003272970180983,8.54143694746044,1.0,-1.0,-0.004851285294889429,0.0
2023-04-22,league_one_t3,2022-2023,Bolton,Shrewsbury,1.0,0.0,1X2,away,b365,,7.5,7.073852598725439,7.870991144341974,1.0,-1.0,-0.047133980656128616,0.0
2023-04-22,ligue_2_t2,2022-2023,Paris FC,Nimes,3.0,0.0,1X2,away,b365,,5.0,4.728918171682846,4.86955114787716,1.0,-1.0,0.02678868096081266,0.0
2023-04-24,ligue_2_t2,2022-2023,Bordeaux,Grenoble,3.0,0.0,1X2,away,b365,,6.0,5.795498775723883,6.810791620701683,1.0,-1.0,-0.1190451368732598,0.0
2023-05-21,bundesliga_2,2022-2023,Fortuna Dusseldorf,Hannover,3.0,3.0,1X2,away,b365,,4.75,4.515194596994787,4.13221808803163,1.0,-1.0,0.1495037045013876,0.0
2021-04-27,league_one_t3,2020-2021,Charlton,Crewe,2.0,2.0,OU2.5,over,b365,,1.93,1.8454506601309886,1.8266367308865084,1.0,0.9299999999999999,0.05658665862003498,1.0
2021-05-22,bundesliga_1,2020-2021,Wolfsburg,Mainz,2.0,3.0,OU2.5,under,b365,,3.2,2.7694242367044644,2.7694242367044644,1.0,-1.0,0.1554748303235436,0.0
2021-10-17,bundesliga_1,2021-2022,Leverkusen,Bayern Munich,1.0,5.0,OU2.5,under,b365,,3.75,3.6069462307314066,3.679175942368014,1.0,-1.0,0.019249978457513306,0.0
2022-01-19,ligue_2_t2,2021-2022,Toulouse,Nancy,4.0,0.0,OU2.5,under,b365,,2.4,2.169481150379816,2.2425796542183156,1.0,-1.0,0.07019610005181987,0.0
2022-03-05,bundesliga_1,2021-2022,Bayern Munich,Leverkusen,1.0,1.0,OU2.5,under,b365,,4.0,3.681151503902742,3.681151503902742,1.0,3.0,0.08661651001302606,1.0
2022-04-23,bundesliga_1,2021-2022,Bayern Munich,Dortmund,3.0,1.0,OU2.5,under,b365,,4.0,3.632517069934359,3.632517069934359,1.0,-1.0,0.10116481849658077,0.0
2022-05-14,bundesliga_1,2021-2022,Wolfsburg,Bayern Munich,2.0,2.0,OU2.5,under,b365,,4.33,3.6127409656361524,3.6127409656361524,1.0,-1.0,0.19853597066225004,0.0
2022-05-14,bundesliga_1,2021-2022,M'gladbach,Hoffenheim,5.0,1.0,OU2.5,under,b365,,4.33,3.557089870643679,3.557089870643679,1.0,-1.0,0.21728720877565522,0.0
2023-04-15,bundesliga_1,2022-2023,Bayern Munich,Hoffenheim,1.0,1.0,OU2.5,under,b365,,4.0,3.7040849884461995,3.7040849884461995,1.0,3.0,0.0798888288138151,1.0
2023-05-13,bundesliga_1,2022-2023,Dortmund,M'gladbach,5.0,2.0,OU2.5,under,b365,,4.0,3.61771350773105,3.61771350773105,1.0,-1.0,0.10567074796055698,0.0
2023-05-27,bundesliga_1,2022-2023,Dortmund,Mainz,2.0,2.0,OU2.5,under,b365,,4.33,3.7922774810373268,3.7922774810373268,1.0,-1.0,0.14179408591577713,0.0
2021-05-22,bundesliga_1,2020-2021,Wolfsburg,Mainz,2.0,3.0,OU2.5,under,average,,2.9,2.7694242367044644,2.7694242367044644,1.0,-1.0,0.047149064980711364,0.0
2022-03-05,bundesliga_1,2021-2022,Bayern Munich,Leverkusen,1.0,1.0,OU2.5,under,average,,3.89,3.681151503902742,3.681151503902742,1.0,2.89,0.05673455598766797,1.0
2022-04-23,bundesliga_1,2021-2022,Bayern Munich,Dortmund,3.0,1.0,OU2.5,under,average,,3.93,3.632517069934359,3.632517069934359,1.0,-1.0,0.08189443417289066,0.0
2022-05-14,bundesliga_1,2021-2022,Wolfsburg,Bayern Munich,2.0,2.0,OU2.5,under,average,,4.27,3.6127409656361524,3.6127409656361524,1.0,-1.0,0.18192808192328092,0.0
2022-05-14,bundesliga_1,2021-2022,M'gladbach,Hoffenheim,5.0,1.0,OU2.5,under,average,,4.16,3.557089870643679,3.557089870643679,1.0,-1.0,0.1694953322186432,0.0
2023-04-15,bundesliga_1,2022-2023,Bayern Munich,Hoffenheim,1.0,1.0,OU2.5,under,average,,4.03,3.7040849884461995,3.7040849884461995,1.0,3.0300000000000002,0.08798799502991872,1.0
2023-05-13,bundesliga_1,2022-2023,Dortmund,M'gladbach,5.0,2.0,OU2.5,under,average,,3.85,3.61771350773105,3.61771350773105,1.0,-1.0,0.06420809491203605,0.0
2023-05-27,bundesliga_1,2022-2023,Dortmund,Mainz,2.0,2.0,OU2.5,under,average,,4.34,3.7922774810373268,3.7922774810373268,1.0,-1.0,0.14443102375853867,0.0
2019-09-07,league_one_t3,2019-2020,Milton Keynes Dons,AFC Wimbledon,2.0,1.0,AH,ah_home,b365,,1.93,1.8511289203645624,2.0607901501181303,1.0,0.9299999999999999,-0.06346602059925077,1
2021-04-08,bundesliga_2,2020-2021,Hannover,Wurzburger Kickers,1.0,2.0,AH,ah_home,b365,,2.2,2.1233226399853726,1.8378863083703663,1.0,-1.0,0.1970272535251194,0
2021-12-04,bundesliga_2,2021-2022,Hansa Rostock,Ingolstadt,1.0,1.0,AH,ah_home,b365,,2.5,1.8902161893692637,2.118133330601013,1.0,-1.0,0.18028452877923118,0
2022-03-12,bundesliga_2,2021-2022,Paderborn,Fortuna Dusseldorf,1.0,1.0,AH,ah_home,b365,,2.15,1.9534719612113616,2.1476949656411723,1.0,-1.0,0.0010732596554461349,0
2020-06-17,bundesliga_1,2019-2020,RB Leipzig,Fortuna Dusseldorf,2.0,2.0,AH,ah_away,b365,,1.9,1.832285858483243,1.9842573261909964,1.0,0.8999999999999999,-0.0424629029102479,1
2022-01-19,ligue_2_t2,2021-2022,Toulouse,Nancy,4.0,0.0,AH,ah_away,b365,,2.38,2.050780614219909,1.9528856855785452,1.0,-1.0,0.21870932721539282,0
2022-09-03,ligue_2_t2,2022-2023,Paris FC,Bordeaux,1.0,3.0,AH,ah_away,b365,,1.88,1.8014096722292685,2.038233767250468,1.0,0.8799999999999999,-0.07763278667683049,1
