league,season,market,n_rows,n_pinnacle,n_b365,share_b365,median_raw_gap_b365,median_demargined_gap_b365,n_average,share_average,median_raw_gap_average,median_demargined_gap_average
bundesliga_1,2017-2018,1X2,306,306,306,100.0,0.010218397163000104,0.006182385833213011,0,0.0,,
bundesliga_1,2017-2018,OU2.5,306,0,0,0.0,,,0,0.0,,
bundesliga_1,2017-2018,AH,306,0,0,0.0,,,0,0.0,,
bundesliga_1,2018-2019,1X2,306,305,305,99.7,0.009217362158538633,0.007305405506197182,0,0.0,,
bundesliga_1,2018-2019,OU2.5,306,0,0,0.0,,,0,0.0,,
bundesliga_1,2018-2019,AH,306,0,0,0.0,,,0,0.0,,
bundesliga_1,2019-2020,1X2,306,306,306,100.0,0.008714294583951315,0.007464237649162667,306,100.0,0.005276887039054601,0.002780842205728551
bundesliga_1,2019-2020,OU2.5,306,306,306,100.0,0.011361914861384603,0.006787171050272239,306,100.0,0.011212030701277992,0.004566963350519565
bundesliga_1,2019-2020,AH,306,306,306,100.0,0.002844464671748703,0.0028209233534747524,306,100.0,0.005843852267414684,0.0028271488248736154
bundesliga_1,2020-2021,1X2,306,306,306,100.0,0.010037396943764987,0.007473309277132328,306,100.0,0.0071433458795664845,0.0026183619468940766
bundesliga_1,2020-2021,OU2.5,306,301,301,98.4,0.012175324675324672,0.006612522794074371,301,98.4,0.011523627729397745,0.0036269125817939563
bundesliga_1,2020-2021,AH,306,306,306,100.0,0.002875050313380534,0.002766395896605295,306,100.0,0.008181074447777381,0.003536784808059079
bundesliga_1,2021-2022,1X2,306,306,306,100.0,0.009239839172537553,0.006885976513727174,306,100.0,0.006126774590592313,0.0032110693531694767
bundesliga_1,2021-2022,OU2.5,306,301,301,98.4,0.010060362173038184,0.006556774886395167,301,98.4,0.009522600304723294,0.00441843329519484
bundesliga_1,2021-2022,AH,306,306,306,100.0,0.004622887918082408,0.0037617215395394366,306,100.0,0.007173944234540208,0.0029804297449664285
bundesliga_1,2022-2023,1X2,306,306,306,100.0,0.009253553198713585,0.005192997875695882,306,100.0,0.005782477756170745,0.00261195207726464
bundesliga_1,2022-2023,OU2.5,306,292,292,95.4,0.009852863899106667,0.005445110044020263,292,95.4,0.008910008910008926,0.003916592949196496
bundesliga_1,2022-2023,AH,306,306,306,100.0,0.0029061319383899553,0.00267889773819871,306,100.0,0.007849704327803741,0.0027825459416482845
bundesliga_2,2017-2018,1X2,306,306,306,100.0,0.01327440162747151,0.007817174587129105,0,0.0,,
bundesliga_2,2017-2018,OU2.5,306,0,0,0.0,,,0,0.0,,
bundesliga_2,2017-2018,AH,306,0,0,0.0,,,0,0.0,,
bundesliga_2,2018-2019,1X2,306,306,306,100.0,0.012021638950110214,0.010091200375996118,0,0.0,,
bundesliga_2,2018-2019,OU2.5,306,0,0,0.0,,,0,0.0,,
bundesliga_2,2018-2019,AH,306,0,0,0.0,,,0,0.0,,
bundesliga_2,2019-2020,1X2,306,305,305,99.7,0.01211361737677527,0.009591512056295715,305,99.7,0.009422338189461421,0.004194973083002207
bundesliga_2,2019-2020,OU2.5,306,305,305,99.7,0.012195121951219468,0.006028658646095808,305,99.7,0.010868620119989514,0.004962094707023107
bundesliga_2,2019-2020,AH,306,305,305,99.7,0.007035647279549806,0.004674901188408298,305,99.7,0.007463057863575262,0.003686395988064861
bundesliga_2,2020-2021,1X2,306,302,299,97.7,0.011947431302269995,0.009015102591307056,302,98.7,0.011166819992302623,0.0030468060954614573
bundesliga_2,2020-2021,OU2.5,306,302,298,97.4,0.012831096623061478,0.0045471367897164106,302,98.7,0.012017799014316904,0.0036608204827032476
bundesliga_2,2020-2021,AH,306,302,299,97.7,0.007770007770007803,0.0034486675162965774,302,98.7,0.008533879501621322,
bundesliga_2,2021-2022,1X2,306,305,305,99.7,0.010080645161290314,0.00720644655571534,305,99.7,0.010642524690657296,0.003461200475566306
bundesliga_2,2021-2022,OU2.5,306,305,305,99.7,0.012195121951219468,0.005710178670863902,305,99.7,0.01194416123199954,0.003743336009010584
bundesliga_2,2021-2022,AH,306,305,304,99.3,0.007930633393253728,0.0040177119549817675,305,99.7,0.007890168860528735,0.0032486741933878405
bundesliga_2,2022-2023,1X2,306,306,306,100.0,0.009695000448273539,0.006806950419440197,306,100.0,0.010687685782038048,0.0033353776412455433
bundesliga_2,2022-2023,OU2.5,306,306,306,100.0,0.011523539514337044,0.004018031375181141,306,100.0,0.012297899649726524,0.002917203045730621
bundesliga_2,2022-2023,AH,306,306,306,100.0,0.008181074447777381,0.003955074020478039,306,100.0,0.009852823472137034,0.0030116867794973134
league_one_t3,2017-2018,1X2,552,552,552,100.0,0.005753004722828053,0.005607309106576613,0,0.0,,
league_one_t3,2017-2018,OU2.5,552,0,0,0.0,,,0,0.0,,
league_one_t3,2017-2018,AH,552,0,0,0.0,,,0,0.0,,
league_one_t3,2018-2019,1X2,552,552,552,100.0,0.007472432815773589,,0,0.0,,
league_one_t3,2018-2019,OU2.5,552,0,0,0.0,,,0,0.0,,
league_one_t3,2018-2019,AH,552,0,0,0.0,,,0,0.0,,
league_one_t3,2019-2020,1X2,400,390,390,97.5,0.00738916256157629,0.006990983101284043,390,97.5,0.00900827129127163,0.003647089716434626
league_one_t3,2019-2020,OU2.5,400,390,390,97.5,0.007911392405063222,0.006048913055351185,390,97.5,0.006961727907191129,0.004615092699402634
league_one_t3,2019-2020,AH,400,390,385,96.2,0.005314202205393914,0.004379930577544933,390,97.5,0.0054254943981769665,0.0033485524734086503
league_one_t3,2020-2021,1X2,552,551,551,99.8,0.00750750750750756,,551,99.8,0.01013363734245365,0.003347184344587195
league_one_t3,2020-2021,OU2.5,552,551,551,99.8,0.010693662222855949,0.005499733439339433,551,99.8,0.01052050182793729,0.00400368378686497
league_one_t3,2020-2021,AH,552,551,549,99.5,0.00603810041360997,0.00417835104687192,551,99.8,0.0080545562055655,0.0036327369889337935
league_one_t3,2021-2022,1X2,552,552,552,100.0,0.007541162190118578,0.00686180277997353,552,100.0,0.007630704841806141,0.00403617929302745
league_one_t3,2021-2022,OU2.5,552,552,552,100.0,0.00910746812386165,0.006014184339349471,552,100.0,0.008267195767195812,0.00459040707616043
league_one_t3,2021-2022,AH,552,552,552,100.0,0.007035647279549806,0.005378571042665203,552,100.0,0.006173030031791038,0.004099063239955181
league_one_t3,2022-2023,1X2,552,552,552,100.0,0.00823599880203657,0.007020823370211773,552,100.0,0.009523809677380729,0.0035836294143077457
league_one_t3,2022-2023,OU2.5,552,552,552,100.0,0.008181074447777381,0.0060101868447768325,552,100.0,0.012658953223985192,0.004592743211062733
league_one_t3,2022-2023,AH,552,552,551,99.8,0.0075380672395597426,0.005905289951873505,552,100.0,0.011318619128466323,0.0040139479339385
ligue_2_t2,2017-2018,1X2,380,379,379,99.7,0.01285629704812652,0.008922884460846214,0,0.0,,
ligue_2_t2,2017-2018,OU2.5,380,0,0,0.0,,,0,0.0,,
ligue_2_t2,2017-2018,AH,380,0,0,0.0,,,0,0.0,,
ligue_2_t2,2018-2019,1X2,380,377,377,99.2,0.01233262861169837,0.009635495105212999,0,0.0,,
ligue_2_t2,2018-2019,OU2.5,380,0,0,0.0,,,0,0.0,,
ligue_2_t2,2018-2019,AH,380,0,0,0.0,,,0,0.0,,
ligue_2_t2,2019-2020,1X2,280,277,277,98.9,0.011834319526627224,0.00944631590929318,277,98.9,0.01115751219356692,0.004377593776174693
ligue_2_t2,2019-2020,OU2.5,280,277,277,98.9,0.011673060453548295,0.005583563958046822,277,98.9,0.009545190400445602,0.004159833475922636
ligue_2_t2,2019-2020,AH,280,277,276,98.6,0.005781182251770489,0.004075799037508099,277,98.9,0.006771244797744991,0.003198156226486032
ligue_2_t2,2020-2021,1X2,380,379,376,98.9,0.01412622692584009,0.010319447123393263,379,99.7,0.011054165410511518,0.004302628178240453
ligue_2_t2,2020-2021,OU2.5,380,379,373,98.2,0.010693662222855949,0.005027528528232822,379,99.7,0.008889283968176342,0.004164089427207224
ligue_2_t2,2020-2021,AH,380,379,375,98.7,0.005781182251770489,0.004230452356971115,379,99.7,0.007069969135654386,0.004045325832102958
ligue_2_t2,2021-2022,1X2,380,380,377,99.2,0.014711575687185396,0.01040486026524623,380,100.0,0.00882442723032617,0.0056840365881953014
ligue_2_t2,2021-2022,OU2.5,380,380,376,98.9,0.010781103713040863,0.006820827000640489,380,100.0,0.008781492023891918,0.004578328507951757
ligue_2_t2,2021-2022,AH,380,380,376,98.9,0.00590754689115347,0.005171158252505026,380,100.0,0.006139018068398616,0.00424078461015992
ligue_2_t2,2022-2023,1X2,380,375,375,98.7,0.014471243042671611,0.008780697334950072,375,98.7,0.011054165410511518,0.005190792216652473
ligue_2_t2,2022-2023,OU2.5,380,375,375,98.7,0.011492061870919112,0.006146395851200803,375,98.7,0.011942675159235638,0.004907051878365987
ligue_2_t2,2022-2023,AH,380,375,375,98.7,0.0075380672395597426,0.005188501909488219,375,98.7,0.010908843011266656,0.003994680919155641
