selection,scheme,bin,n,hit_rate,ci_low,ci_high,mean_odds,break_even,ci_above_break_even
home,model,0.0-0.1,5,0.4,0.1176182311592533,0.769280067791163,6.287999999999999,0.17344811647124309,False
home,model,0.1-0.2,130,0.15384615384615385,0.101853111526678,0.22571021706473152,4.519384615384615,0.2389465595663994,False
home,model,0.2-0.3,422,0.3127962085308057,0.27041687422810057,0.35855314654957826,3.4072037914691946,0.3079892087771283,False
home,model,0.3-0.4,819,0.3772893772893773,0.3447382329824239,0.410986319592458,2.7017338217338214,0.38804019026090364,False
home,model,0.4-0.5,906,0.4359823399558499,0.4040293962604553,0.468475883779499,2.234801324503311,0.45874740730796304,False
home,model,0.5-0.6,528,0.5284090909090909,0.48577732316844613,0.5706304493713477,1.9051893939393938,0.5354832869167727,False
home,model,0.6-0.7,262,0.5992366412213741,0.5388753173730818,0.6567298851234424,1.6231679389312976,0.6269973115435755,False
home,model,0.7-0.8,80,0.725,0.618557347158301,0.8108237715226401,1.487375,0.6800046618557473,False
home,model,0.8-0.9,7,1.0,0.6456611570247934,1.0,1.3399999999999999,0.7482127050253512,False
home,market,0.0-0.1,1,0.0,0.0,0.7934567085261071,34.14,0.029291154071470416,False
home,market,0.1-0.2,87,0.09195402298850575,0.04733232597752604,0.1710874288484568,5.614597701149426,0.18219709780056234,False
home,market,0.2-0.3,424,0.24764150943396226,0.20894327465860316,0.290871610102486,3.67625,0.275222461856471,False
home,market,0.3-0.4,972,0.3775720164609053,0.34763354737149216,0.40847441113324884,2.668508230452675,0.377075777049656,False
home,market,0.4-0.5,923,0.4528710725893825,0.4210189616883879,0.4851138661864075,2.10738894907909,0.47641088534748804,False
home,market,0.5-0.6,518,0.5772200772200772,0.5342625634959735,0.6190406610840522,1.7301544401544402,0.5795149371126685,False
home,market,0.6-0.7,198,0.6666666666666666,0.5983826263796316,0.7286064581302018,1.4699999999999998,0.6815309044288437,False
home,market,0.7-0.8,34,0.8235294117647058,0.6648593225994784,0.9165114439643031,1.2926470588235295,0.7742488039349018,False
home,market,0.8-0.9,2,1.0,0.34237195288961925,1.0,1.1749999999999998,0.8510792409097494,False
draw,model,0.1-0.2,163,0.2085889570552147,0.15328227961519503,0.2773153650969151,4.37239263803681,0.2333271937501789,False
draw,model,0.2-0.3,2707,0.2659770964166975,0.24967203420885153,0.2829454377968902,3.4843849279645362,0.28879593833486444,False
draw,model,0.3-0.4,289,0.24567474048442905,0.1995923781692639,0.29842976076181693,3.296989619377163,0.3054248649649953,False
draw,market,0.0-0.1,1,0.0,0.0,0.7934567085261071,9.59,0.10427528675703858,False
draw,market,0.1-0.2,59,0.15254237288135594,0.08238371089067363,0.26518223268810226,5.220847457627119,0.19303096242201354,False
draw,market,0.2-0.3,3013,0.2638566213076668,0.24842747957531156,0.27988716578094447,3.4900896116827083,0.2882859873688109,False
draw,market,0.3-0.4,86,0.2441860465116279,0.16561843751812289,0.3446307120963096,3.0755813953488373,0.3252551350785782,False
away,model,0.0-0.1,68,0.07352941176470588,0.03181437515487155,0.160853939581994,7.352941176470587,0.15006781875662858,False
away,model,0.1-0.2,499,0.1623246492985972,0.13257057496937083,0.19723825548538862,5.301122244488978,0.20486144493352704,False
away,model,0.2-0.3,1013,0.26554787759131293,0.2392746377603845,0.2935926249479861,3.6209575518262587,0.2896911731618944,False
away,model,0.3-0.4,909,0.3278327832783278,0.29809619469477533,0.3590184679148164,2.867920792079208,0.3620813049997061,False
away,model,0.4-0.5,423,0.4326241134751773,0.38622489619013944,0.4802361047994548,2.3432624113475176,0.43938219521625743,False
away,model,0.5-0.6,188,0.5478723404255319,0.4764776316196176,0.6173497759916616,2.0238829787234045,0.516291666549892,False
away,model,0.6-0.7,53,0.6037735849056604,0.4694123578888073,0.7241078808096105,1.7850943396226415,0.57391942688911,False
away,model,0.7-0.8,6,0.6666666666666666,0.29998832134152864,0.9032306674407831,1.5883333333333336,0.6393564090057188,False
away,market,0.0-0.1,24,0.041666666666666664,0.007393265354805126,0.20242226248842232,11.155000000000001,0.09178178482093506,False
away,market,0.1-0.2,443,0.1399548532731377,0.11073293523954596,0.17536755316618885,5.974198645598194,0.1723729485478787,False
away,market,0.2-0.3,1042,0.23320537428023033,0.20853762310884374,0.2598331129567325,3.764539347408829,0.26920508403404836,False
away,market,0.3-0.4,1028,0.3453307392996109,0.3168888347438773,0.37492432727633973,2.733054474708171,0.3683387655875249,False
away,market,0.4-0.5,442,0.45701357466063347,0.4111417403243687,0.5036261951935372,2.133710407239819,0.47053578206111263,False
away,market,0.5-0.6,149,0.6308724832214765,0.5510065967550473,0.704159536025557,1.7504697986577178,0.5725770898866913,False
away,market,0.6-0.7,29,0.5862068965517241,0.40737528478515245,0.7448706472035449,1.4906896551724136,0.6719618249475505,False
away,market,0.7-0.8,1,0.0,0.0,0.7934567085261071,1.31,0.7633587786259541,False
away,market,0.8-0.9,1,1.0,0.20654329147389294,1.0,1.08,0.9259259259259258,False
over,model,0.1-0.2,1,0.0,0.0,0.7934567085261071,2.2,0.45454545454545453,False
over,model,0.2-0.3,45,0.5333333333333333,0.3907720886241046,0.6706509605798527,2.242888888888889,0.44895896695642046,False
over,model,0.3-0.4,520,0.47307692307692306,0.43051805543831423,0.5160306722686873,2.1067115384615387,0.4772064435588161,False
over,model,0.4-0.5,1391,0.4852624011502516,0.4590743723564721,0.5115316089965359,1.9929834651329976,0.504011619996695,False
over,model,0.5-0.6,965,0.48808290155440415,0.45665435394076886,0.5196059552779928,1.8647564766839377,0.538461746030695,False
over,model,0.6-0.7,218,0.481651376146789,0.41621589673099213,0.5477223366751861,1.7875688073394498,0.5618600730691063,False
over,model,0.7-0.8,19,0.5789473684210527,0.36275551465160105,0.7685837960796962,1.7368421052631582,0.5782511640047913,False
over,market,0.3-0.4,42,0.47619047619047616,0.3335936447596496,0.6227778605979295,2.475476190476191,0.40473666829917204,False
over,market,0.4-0.5,2006,0.46360917248255235,0.44187684456241555,0.4854806148513013,2.04451146560319,0.49044713743362994,False
over,market,0.5-0.6,1100,0.5245454545454545,0.49499882091627007,0.5539212415274718,1.7918363636363637,0.5590143340946809,False
over,market,0.6-0.7,11,0.45454545454545453,0.21270957543988045,0.7199122443100118,1.5236363636363637,0.6564909757974908,False
under,model,0.2-0.3,19,0.42105263157894735,0.2314162039203038,0.6372444853483988,2.089473684210526,0.48137169361378385,False
under,model,0.3-0.4,218,0.518348623853211,0.45227766332481395,0.583784103269008,2.0160091743119266,0.4985252938260622,False
under,model,0.4-0.5,965,0.5119170984455959,0.4803940447220071,0.5433456460592311,1.9267668393782382,0.5212915752397398,False
under,model,0.5-0.6,1391,0.5147375988497483,0.488468391003464,0.5409256276435279,1.8057584471603163,0.5560174564085464,False
under,model,0.6-0.7,520,0.5269230769230769,0.48396932773131274,0.5694819445616858,1.7200961538461537,0.5836293794584689,False
under,model,0.7-0.8,45,0.4666666666666667,0.3293490394201473,0.6092279113758954,1.6395555555555552,0.6124779833516131,False
under,model,0.8-0.9,1,1.0,0.20654329147389294,1.0,1.66,0.6024096385542169,False
under,market,0.3-0.4,11,0.5454545454545454,0.28008775568998817,0.7872904245601196,2.4600000000000004,0.4069410577542616,False
under,market,0.4-0.5,1060,0.47735849056603774,0.4474248962330263,0.5074556047738904,2.005528301886792,0.499607026253521,False
under,market,0.5-0.6,2046,0.5342130987292277,0.5125542024636429,0.5557437577299642,1.7612609970674487,0.5690116571894921,False
under,market,0.6-0.7,42,0.5238095238095238,0.3772221394020704,0.6664063552403504,1.5180952380952382,0.6591612937483639,False
