source,bin,n,hit_rate,ci_low,ci_high,mean_odds,break_even,clears
market avg 1X2 home,0.0-0.1,5,0.4,0.1176182311592533,0.769280067791163,6.287999999999999,0.17344811647124309,False
market avg 1X2 home,0.1-0.2,130,0.15384615384615385,0.101853111526678,0.22571021706473152,4.519384615384615,0.2389465595663994,False
market avg 1X2 home,0.2-0.3,422,0.3127962085308057,0.27041687422810057,0.35855314654957826,3.4072037914691946,0.3079892087771283,False
market avg 1X2 home,0.3-0.4,819,0.3772893772893773,0.3447382329824239,0.410986319592458,2.7017338217338214,0.38804019026090364,False
market avg 1X2 home,0.4-0.5,906,0.4359823399558499,0.4040293962604553,0.468475883779499,2.234801324503311,0.45874740730796304,False
market avg 1X2 home,0.5-0.6,528,0.5284090909090909,0.48577732316844613,0.5706304493713477,1.9051893939393938,0.5354832869167727,False
market avg 1X2 home,0.6-0.7,262,0.5992366412213741,0.5388753173730818,0.6567298851234424,1.6231679389312976,0.6269973115435755,False
market avg 1X2 home,0.7-0.8,80,0.725,0.618557347158301,0.8108237715226401,1.487375,0.6800046618557473,False
market avg 1X2 home,0.8-0.9,7,1.0,0.6456611570247934,1.0,1.3399999999999999,0.7482127050253512,False
market avg 1X2 draw,0.1-0.2,163,0.2085889570552147,0.15328227961519503,0.2773153650969151,4.37239263803681,0.2333271937501789,False
market avg 1X2 draw,0.2-0.3,2707,0.2659770964166975,0.24967203420885153,0.2829454377968902,3.4843849279645362,0.28879593833486444,False
market avg 1X2 draw,0.3-0.4,289,0.24567474048442905,0.1995923781692639,0.29842976076181693,3.296989619377163,0.3054248649649953,False
market avg 1X2 away,0.0-0.1,68,0.07352941176470588,0.03181437515487155,0.160853939581994,7.352941176470587,0.15006781875662858,False
market avg 1X2 away,0.1-0.2,499,0.1623246492985972,0.13257057496937083,0.19723825548538862,5.301122244488978,0.20486144493352704,False
market avg 1X2 away,0.2-0.3,1013,0.26554787759131293,0.2392746377603845,0.2935926249479861,3.6209575518262587,0.2896911731618944,False
market avg 1X2 away,0.3-0.4,909,0.3278327832783278,0.29809619469477533,0.3590184679148164,2.867920792079208,0.3620813049997061,False
market avg 1X2 away,0.4-0.5,423,0.4326241134751773,0.38622489619013944,0.4802361047994548,2.3432624113475176,0.43938219521625743,False
market avg 1X2 away,0.5-0.6,188,0.5478723404255319,0.4764776316196176,0.6173497759916616,2.0238829787234045,0.516291666549892,False
market avg 1X2 away,0.6-0.7,53,0.6037735849056604,0.4694123578888073,0.7241078808096105,1.7850943396226415,0.57391942688911,False
market avg 1X2 away,0.7-0.8,6,0.6666666666666666,0.29998832134152864,0.9032306674407831,1.5883333333333336,0.6393564090057188,False
market avg O/U over,0.1-0.2,1,0.0,0.0,0.7934567085261071,2.2,0.45454545454545453,False
market avg O/U over,0.2-0.3,45,0.5333333333333333,0.3907720886241046,0.6706509605798527,2.242888888888889,0.44895896695642046,False
market avg O/U over,0.3-0.4,520,0.47307692307692306,0.43051805543831423,0.5160306722686873,2.1067115384615387,0.4772064435588161,False
market avg O/U over,0.4-0.5,1391,0.4852624011502516,0.4590743723564721,0.5115316089965359,1.9929834651329976,0.504011619996695,False
market avg O/U over,0.5-0.6,965,0.48808290155440415,0.45665435394076886,0.5196059552779928,1.8647564766839377,0.538461746030695,False
market avg O/U over,0.6-0.7,218,0.481651376146789,0.41621589673099213,0.5477223366751861,1.7875688073394498,0.5618600730691063,False
market avg O/U over,0.7-0.8,19,0.5789473684210527,0.36275551465160105,0.7685837960796962,1.7368421052631582,0.5782511640047913,False
market avg O/U under,0.2-0.3,19,0.42105263157894735,0.2314162039203038,0.6372444853483988,2.089473684210526,0.48137169361378385,False
market avg O/U under,0.3-0.4,218,0.518348623853211,0.45227766332481395,0.583784103269008,2.0160091743119266,0.4985252938260622,False
market avg O/U under,0.4-0.5,965,0.5119170984455959,0.4803940447220071,0.5433456460592311,1.9267668393782382,0.5212915752397398,False
market avg O/U under,0.5-0.6,1391,0.5147375988497483,0.488468391003464,0.5409256276435279,1.8057584471603163,0.5560174564085464,False
market avg O/U under,0.6-0.7,520,0.5269230769230769,0.48396932773131274,0.5694819445616858,1.7200961538461537,0.5836293794584689,False
market avg O/U under,0.7-0.8,45,0.4666666666666667,0.3293490394201473,0.6092279113758954,1.6395555555555552,0.6124779833516131,False
market avg O/U under,0.8-0.9,1,1.0,0.20654329147389294,1.0,1.66,0.6024096385542169,False
B365 1X2 home,0.0-0.1,5,0.4,0.1176182311592533,0.769280067791163,6.720000000000001,0.16246031746031747,False
B365 1X2 home,0.1-0.2,130,0.15384615384615385,0.101853111526678,0.22571021706473152,4.765615384615384,0.22865333748793262,False
B365 1X2 home,0.2-0.3,422,0.3127962085308057,0.27041687422810057,0.35855314654957826,3.524857819905213,0.2992711901122381,False
B365 1X2 home,0.3-0.4,818,0.37775061124694376,0.34516992685483167,0.4114741758530382,2.725256723716382,0.38143826143552206,False
B365 1X2 home,0.4-0.5,906,0.4359823399558499,0.4040293962604553,0.468475883779499,2.2635982339955847,0.45412218470475263,False
B365 1X2 home,0.5-0.6,526,0.5304182509505704,0.48770114916405494,0.5726942595769727,1.9132699619771865,0.5335922193798257,False
B365 1X2 home,0.6-0.7,262,0.5992366412213741,0.5388753173730818,0.6567298851234424,1.6245801526717556,0.6263666912876312,False
B365 1X2 home,0.7-0.8,80,0.725,0.618557347158301,0.8108237715226401,1.4925,0.677173389190337,False
B365 1X2 home,0.8-0.9,7,1.0,0.6456611570247934,1.0,1.3571428571428572,0.7392088640596344,False
B365 1X2 draw,0.1-0.2,163,0.2085889570552147,0.15328227961519503,0.2773153650969151,4.479141104294479,0.2281094479818695,False
B365 1X2 draw,0.2-0.3,2705,0.2658040665434381,0.24949679886544876,0.2827755938798486,3.5827430683918666,0.28097413389707565,False
B365 1X2 draw,0.3-0.4,288,0.2465277777777778,0.20030383701414195,0.2994247828947402,3.3965277777777776,0.2952110064437791,False
B365 1X2 away,0.0-0.1,68,0.07352941176470588,0.03181437515487155,0.160853939581994,7.760000000000001,0.14181977490119343,False
B365 1X2 away,0.1-0.2,498,0.1606425702811245,0.13100802718308102,0.19547267907961224,5.625963855421687,0.19483515396241513,False
B365 1X2 away,0.2-0.3,1012,0.2658102766798419,0.23951501430089023,0.29387680584114767,3.7985968379446637,0.2782985536398403,False
B365 1X2 away,0.3-0.4,908,0.32709251101321585,0.2973607141561566,0.35828123067285755,2.9573898678414094,0.35300450859431853,False
B365 1X2 away,0.4-0.5,423,0.4326241134751773,0.38622489619013944,0.4802361047994548,2.371111111111111,0.43572790756757485,False
B365 1X2 away,0.5-0.6,188,0.5478723404255319,0.4764776316196176,0.6173497759916616,2.0417553191489364,0.514509929428837,False
B365 1X2 away,0.6-0.7,53,0.6037735849056604,0.4694123578888073,0.7241078808096105,1.7941509433962262,0.5726308786109633,False
B365 1X2 away,0.7-0.8,6,0.6666666666666666,0.29998832134152864,0.9032306674407831,1.625,0.6265288932654143,False
B365 O/U over,0.1-0.2,1,0.0,0.0,0.7934567085261071,2.15,0.46511627906976744,False
B365 O/U over,0.2-0.3,31,0.5161290322580645,0.34840118286973176,0.6803001396872117,2.2316129032258067,0.45140614333609597,False
B365 O/U over,0.3-0.4,321,0.4236760124610592,0.3708344017454065,0.4783228490500582,2.1088473520249225,0.4763001049102869,False
B365 O/U over,0.4-0.5,882,0.47732426303854875,0.444529644316869,0.5103155559988535,2.003265306122449,0.5012051370846556,False
B365 O/U over,0.5-0.6,638,0.5015673981191222,0.46287591855882554,0.5402401150544521,1.8848746081504701,0.5330322156444649,False
B365 O/U over,0.6-0.7,165,0.49696969696969695,0.42162002971187185,0.5724572592974718,1.8218181818181813,0.5518917621701204,False
B365 O/U over,0.7-0.8,16,0.625,0.3864064709793481,0.815190174452472,1.7468750000000002,0.5755377328997282,False
B365 O/U under,0.2-0.3,16,0.375,0.18480982554752806,0.613593529020652,2.0949999999999998,0.4800562905257475,False
B365 O/U under,0.3-0.4,165,0.503030303030303,0.4275427407025282,0.5783799702881282,2.0056969696969698,0.500906932973558,False
B365 O/U under,0.4-0.5,638,0.49843260188087773,0.45975988494554776,0.5371240814411743,1.9400626959247649,0.5177584863611223,False
B365 O/U under,0.5-0.6,882,0.5226757369614512,0.4896844440011466,0.5554703556831311,1.8184580498866212,0.5524121974001027,False
B365 O/U under,0.6-0.7,321,0.5763239875389408,0.5216771509499418,0.6291655982545934,1.7235202492211839,0.5826806663670066,False
B365 O/U under,0.7-0.8,31,0.4838709677419355,0.3196998603127883,0.6515988171302683,1.6503225806451611,0.6094191771685694,False
B365 O/U under,0.8-0.9,1,1.0,0.20654329147389294,1.0,1.66,0.6024096385542169,False
Pinnacle pre 1X2 home,0.0-0.1,5,0.4,0.1176182311592533,0.769280067791163,6.9239999999999995,0.16025119631787813,False
Pinnacle pre 1X2 home,0.1-0.2,127,0.14960629921259844,0.09791643486909837,0.22187176704833464,4.7347244094488214,0.22979331138085243,False
Pinnacle pre 1X2 home,0.2-0.3,422,0.3127962085308057,0.27041687422810057,0.35855314654957826,3.5548578199052137,0.2967144540858827,False
Pinnacle pre 1X2 home,0.3-0.4,815,0.3754601226993865,0.3428713454731865,0.4092174590037723,2.749889570552147,0.37747204713738347,False
Pinnacle pre 1X2 home,0.4-0.5,905,0.43646408839779005,0.40448767097132554,0.46897762815230626,2.278441988950276,0.4508218262436278,False
Pinnacle pre 1X2 home,0.5-0.6,527,0.5275142314990512,0.4848443764411825,0.569785856004805,1.9329981024667933,0.5289920293744952,False
Pinnacle pre 1X2 home,0.6-0.7,262,0.5992366412213741,0.5388753173730818,0.6567298851234424,1.6368702290076336,0.6225884763770805,False
Pinnacle pre 1X2 home,0.7-0.8,79,0.7215189873417721,0.6141734225170346,0.8083196244545352,1.4974683544303797,0.6756215929731025,False
Pinnacle pre 1X2 home,0.8-0.9,7,1.0,0.6456611570247934,1.0,1.3442857142857143,0.7459519014626659,False
Pinnacle pre 1X2 draw,0.1-0.2,162,0.20987654320987653,0.15425557210629542,0.2789385118871055,4.549567901234568,0.22487340165487885,False
Pinnacle pre 1X2 draw,0.2-0.3,2702,0.26572908956328645,0.24941456687902364,0.28270882127496144,3.601076980014804,0.27969799297722236,False
Pinnacle pre 1X2 draw,0.3-0.4,285,0.24561403508771928,0.1992401760596159,0.29875457261924476,3.358035087719298,0.2986723101804891,False
Pinnacle pre 1X2 away,0.0-0.1,67,0.07462686567164178,0.032295572977927914,0.16309244762013875,7.93223880597015,0.14028513389198485,False
Pinnacle pre 1X2 away,0.1-0.2,498,0.16265060240963855,0.1328409591037415,0.19762506842366956,5.673734939759036,0.19362969989761272,False
Pinnacle pre 1X2 away,0.2-0.3,1012,0.2658102766798419,0.23951501430089023,0.29387680584114767,3.785108695652174,0.27854333948816773,False
Pinnacle pre 1X2 away,0.3-0.4,905,0.3281767955801105,0.2983667877368443,0.3594393690235858,2.9527403314917127,0.3521089791853631,False
Pinnacle pre 1X2 away,0.4-0.5,423,0.4326241134751773,0.38622489619013944,0.4802361047994548,2.3940189125295506,0.43142446898408515,False
Pinnacle pre 1X2 away,0.5-0.6,186,0.553763440860215,0.48195317571615626,0.6233978116332971,2.0599462365591394,0.5091217435142252,False
Pinnacle pre 1X2 away,0.6-0.7,52,0.6153846153846154,0.47959626940741784,0.7352972866511478,1.8173076923076925,0.5643205828503813,False
Pinnacle pre 1X2 away,0.7-0.8,6,0.6666666666666666,0.29998832134152864,0.9032306674407831,1.6050000000000002,0.6324135505245351,False
Pinnacle pre O/U over,0.1-0.2,1,0.0,0.0,0.7934567085261071,2.23,0.4484304932735426,False
Pinnacle pre O/U over,0.2-0.3,31,0.5161290322580645,0.34840118286973176,0.6803001396872117,2.285806451612903,0.44132692167267884,False
Pinnacle pre O/U over,0.3-0.4,317,0.42902208201892744,0.3757075689324316,0.4840363046799677,2.1621451104100946,0.46514824723407644,False
Pinnacle pre O/U over,0.4-0.5,879,0.47554038680318544,0.4427035530132594,0.5085900878844961,2.0279749715585895,0.49555958617498064,False
Pinnacle pre O/U over,0.5-0.6,637,0.5023547880690737,0.463628642508848,0.541052701523749,1.8965934065934067,0.52974125956256,False
Pinnacle pre O/U over,0.6-0.7,164,0.5,0.4243556892194609,0.5756443107805391,1.8304268292682926,0.5491407205234399,False
Pinnacle pre O/U over,0.7-0.8,16,0.625,0.3864064709793481,0.815190174452472,1.764375,0.5697974353593894,False
Pinnacle pre O/U under,0.2-0.3,16,0.375,0.18480982554752806,0.613593529020652,2.138125,0.470967693017139,False
Pinnacle pre O/U under,0.3-0.4,164,0.5,0.4243556892194609,0.5756443107805391,2.0504878048780486,0.4904693654678063,False
Pinnacle pre O/U under,0.4-0.5,637,0.4976452119309262,0.4589472984762509,0.5363713574911518,1.9694976452119313,0.5102019995671659,False
Pinnacle pre O/U under,0.5-0.6,879,0.5244596131968146,0.4914099121155038,0.5572964469867405,1.8431285551763368,0.5449011944620404,False
Pinnacle pre O/U under,0.6-0.7,317,0.5709779179810726,0.5159636953200322,0.6242924310675684,1.7426813880126184,0.5761344105797578,False
Pinnacle pre O/U under,0.7-0.8,31,0.4838709677419355,0.3196998603127883,0.6515988171302683,1.6741935483870964,0.6004303612629548,False
Pinnacle pre O/U under,0.8-0.9,1,1.0,0.20654329147389294,1.0,1.67,0.5988023952095809,False
